{"stats":{"minecraft:broken":{"minecraft:iron_boots":1,"minecraft:stone_pickaxe":2,"minecraft:iron_axe":1,"minecraft:stone_axe":1,"minecraft:iron_sword":2,"minecraft:iron_helmet":2},"minecraft:picked_up":{"minecraft:crafting_table":2,"minecraft:waxed_oxidized_cut_copper":4,"minecraft:iron_chestplate":4,"minecraft:wheat":4,"minecraft:ominous_bottle":2,"minecraft:flower_pot":12,"minecraft:potion":3,"minecraft:shield":4,"minecraft:brick":93,"minecraft:wind_charge":6,"minecraft:string":1,"minecraft:moss_carpet":9,"minecraft:iron_axe":3,"minecraft:iron_leggings":4,"minecraft:iron_shovel":4,"minecraft:diamond_leggings":1,"minecraft:red_sand":4,"minecraft:cartography_table":1,"minecraft:cobbled_deepslate":521,"minecraft:beef":7,"minecraft:trial_key":8,"minecraft:azalea":4,"minecraft:iron_pickaxe":5,"minecraft:guster_pottery_sherd":3,"minecraft:sugar_cane":16,"minecraft:chest":1,"minecraft:iron_boots":4,"minecraft:furnace":3,"minecraft:tipped_arrow":62,"minecraft:dark_oak_sapling":49,"minecraft:stick":39,"minecraft:raw_iron":70,"minecraft:sandstone":10,"minecraft:bamboo_hanging_sign":1,"minecraft:composter":2,"minecraft:torch":43,"minecraft:green_bed":7,"minecraft:flow_pottery_sherd":3,"minecraft:pointed_dripstone":14,"minecraft:diorite":16,"minecraft:diamond_chestplate":1,"minecraft:dark_oak_planks":91,"minecraft:smooth_sandstone_slab":2,"minecraft:cactus":4,"minecraft:waxed_oxidized_chiseled_copper":1,"minecraft:rotten_flesh":75,"minecraft:honey_bottle":2,"minecraft:stone_sword":3,"minecraft:arrow":147,"minecraft:stone_shovel":2,"minecraft:decorated_pot":7,"minecraft:beetroot_seeds":1,"minecraft:hay_block":54,"minecraft:tuff_bricks":28,"minecraft:mutton":9,"minecraft:white_wool":9,"minecraft:cobblestone":215,"minecraft:lime_bed":8,"minecraft:golden_carrot":2,"minecraft:warped_fungus_on_a_stick":1,"minecraft:leather":4,"minecraft:cut_sandstone":11,"minecraft:potato":5,"minecraft:flint":5,"minecraft:waxed_copper_bulb":2,"minecraft:waxed_copper_block":8,"minecraft:tuff":29,"minecraft:smooth_sandstone_stairs":5,"minecraft:oak_log":2,"minecraft:dirt":28,"minecraft:orange_terracotta":7,"minecraft:cooked_mutton":16,"minecraft:smooth_sandstone":114,"minecraft:bone":114,"minecraft:apple":5,"minecraft:bow":8,"minecraft:wheat_seeds":25,"minecraft:bell":1,"minecraft:iron_ingot":41,"minecraft:grindstone":1,"minecraft:stone_pickaxe":8,"minecraft:cooked_chicken":6,"minecraft:fletching_table":1,"minecraft:scrape_pottery_sherd":1,"minecraft:iron_sword":2,"minecraft:emerald_block":2,"minecraft:cooked_porkchop":3,"minecraft:waxed_chiseled_copper":1,"minecraft:waxed_oxidized_copper_bulb":3,"minecraft:waxed_exposed_copper_bulb":1,"minecraft:dripstone_block":4,"minecraft:gravel":53,"minecraft:sand":50,"minecraft:grass_block":1,"minecraft:cyan_bed":5,"minecraft:dark_oak_log":636,"minecraft:polished_tuff":3,"minecraft:diamond":35,"minecraft:stone_axe":2,"minecraft:waxed_oxidized_copper_grate":10,"minecraft:crossbow":3,"minecraft:iron_helmet":2,"minecraft:granite":21,"minecraft:diamond_axe":2,"minecraft:breeze_rod":48,"minecraft:bone_meal":1,"minecraft:diamond_pickaxe":1,"minecraft:melon_seeds":2,"minecraft:emerald":50,"minecraft:bread":278,"minecraft:music_disc_precipice":2,"minecraft:rooted_dirt":3,"minecraft:terracotta":8,"minecraft:baked_potato":10,"minecraft:coal":35,"minecraft:ender_pearl":4},"minecraft:killed_by":{"minecraft:silverfish":2,"minecraft:zombie":3},"minecraft:custom":{"minecraft:mob_kills":140,"minecraft:interact_with_crafting_table":38,"minecraft:open_barrel":6,"minecraft:bell_ring":95,"minecraft:leave_game":17,"minecraft:time_since_death":11231,"minecraft:climb_one_cm":3424,"minecraft:sprint_one_cm":833560,"minecraft:walk_one_cm":352062,"minecraft:damage_blocked_by_shield":1491,"minecraft:drop":72,"minecraft:talked_to_villager":36,"minecraft:play_time":531044,"minecraft:deaths":6,"minecraft:sneak_time":21618,"minecraft:walk_under_water_one_cm":10662,"minecraft:jump":4843,"minecraft:walk_on_water_one_cm":81060,"minecraft:total_world_time":531044,"minecraft:interact_with_furnace":26,"minecraft:traded_with_villager":62,"minecraft:sleep_in_bed":6,"minecraft:time_since_rest":11258,"minecraft:damage_taken":7489,"minecraft:damage_dealt":27192,"minecraft:swim_one_cm":27832,"minecraft:fly_one_cm":678759,"minecraft:player_kills":1,"minecraft:open_chest":62,"minecraft:crouch_one_cm":47664,"minecraft:fall_one_cm":161255,"minecraft:horse_one_cm":1749},"minecraft:crafted":{"minecraft:oak_planks":8,"minecraft:stone_shovel":1,"minecraft:furnace":1,"minecraft:cooked_mutton":5,"minecraft:diamond_helmet":1,"minecraft:diamond_leggings":1,"minecraft:iron_boots":2,"minecraft:iron_axe":1,"minecraft:diamond_boots":1,"minecraft:stone_pickaxe":2,"minecraft:chest":3,"minecraft:dark_oak_planks":1200,"minecraft:wheat":486,"minecraft:cooked_beef":5,"minecraft:diamond_sword":1,"minecraft:emerald":71,"minecraft:diamond_axe":1,"minecraft:crafting_table":3,"minecraft:iron_helmet":2,"minecraft:iron_sword":2,"minecraft:fletching_table":2,"minecraft:stone_axe":2,"minecraft:bread":162,"minecraft:air":0,"minecraft:iron_chestplate":1,"minecraft:diamond_pickaxe":1,"minecraft:shield":1,"minecraft:stick":2240,"minecraft:iron_pickaxe":2,"minecraft:iron_ingot":49,"minecraft:stone_sword":1,"minecraft:iron_shovel":1,"minecraft:iron_leggings":1,"minecraft:torch":4,"minecraft:diamond_chestplate":1},"minecraft:killed":{"minecraft:spider":1,"minecraft:skeleton":8,"minecraft:silverfish":7,"minecraft:husk":1,"minecraft:iron_golem":2,"minecraft:sheep":4,"minecraft:zombie":53,"minecraft:stray":44,"minecraft:breeze":11,"minecraft:villager":2,"minecraft:enderman":2,"minecraft:cow":2},"minecraft:dropped":{"minecraft:bread":23,"minecraft:iron_ingot":4,"minecraft:wheat_seeds":10,"minecraft:dark_oak_sapling":6,"minecraft:cooked_porkchop":3,"minecraft:feather":1,"minecraft:cobblestone":13,"minecraft:leather":4,"minecraft:apple":1,"minecraft:grass_block":1,"minecraft:stick":10,"minecraft:dirt":2,"minecraft:dark_oak_log":9,"minecraft:diorite":1,"minecraft:torch":12,"minecraft:mutton":4,"minecraft:cut_sandstone":5,"minecraft:iron_leggings":2,"minecraft:string":1,"minecraft:dark_oak_planks":7,"minecraft:smooth_sandstone":30,"minecraft:bone":38,"minecraft:moss_carpet":9,"minecraft:sugar_cane":8,"minecraft:cooked_chicken":1,"minecraft:stone_sword":1,"minecraft:smooth_sandstone_stairs":2,"minecraft:composter":2,"minecraft:rotten_flesh":6,"minecraft:light_gray_wool":1,"minecraft:iron_boots":1,"minecraft:potato":1,"minecraft:flower_pot":10,"minecraft:trial_key":1,"minecraft:orange_terracotta":1,"minecraft:iron_chestplate":2,"minecraft:melon_seeds":2,"minecraft:beetroot_seeds":1,"minecraft:azalea":4,"minecraft:beef":2,"minecraft:red_sand":4,"minecraft:stone_pickaxe":2,"minecraft:cartography_table":1,"minecraft:brick":7,"minecraft:terracotta":7},"minecraft:mined":{"minecraft:dark_oak_planks":11,"minecraft:diamond_ore":6,"minecraft:tuff":25,"minecraft:dark_oak_leaves":3,"minecraft:deepslate_diamond_ore":25,"minecraft:potted_cactus":7,"minecraft:dark_oak_log":187,"minecraft:waxed_oxidized_chiseled_copper":1,"minecraft:granite":15,"minecraft:red_sand":3,"minecraft:grass_block":9,"minecraft:decorated_pot":27,"minecraft:cartography_table":1,"minecraft:composter":2,"minecraft:tuff_bricks":14,"minecraft:sandstone":10,"minecraft:rooted_dirt":3,"minecraft:hay_block":29,"minecraft:waxed_oxidized_cut_copper":4,"minecraft:furnace":1,"minecraft:iron_ore":51,"minecraft:polished_tuff":1,"minecraft:waxed_oxidized_copper_bulb":1,"minecraft:fletching_table":1,"minecraft:bell":1,"minecraft:pointed_dripstone":4,"minecraft:deepslate_iron_ore":7,"minecraft:smooth_sandstone_stairs":3,"minecraft:stone":187,"minecraft:green_bed":5,"minecraft:waxed_exposed_copper_bulb":1,"minecraft:cut_sandstone":6,"minecraft:melon_stem":1,"minecraft:orange_terracotta":6,"minecraft:smooth_sandstone":94,"minecraft:clay":3,"minecraft:crafting_table":2,"minecraft:torch":6,"minecraft:short_grass":6,"minecraft:chest":1,"minecraft:dead_bush":1,"minecraft:cobblestone":18,"minecraft:tall_grass":1,"minecraft:cyan_bed":3,"minecraft:grindstone":1,"minecraft:sugar_cane":4,"minecraft:waxed_chiseled_copper":1,"minecraft:diorite":5,"minecraft:smooth_sandstone_slab":2,"minecraft:wall_torch":5,"minecraft:waxed_copper_bulb":2,"minecraft:lime_bed":5,"minecraft:waxed_oxidized_copper_grate":6,"minecraft:wheat":10,"minecraft:birch_leaves":1,"minecraft:waxed_copper_block":7,"minecraft:oak_log":2,"minecraft:coal_ore":13,"minecraft:beetroots":2,"minecraft:flower_pot":1,"minecraft:gravel":50,"minecraft:sand":39,"minecraft:dirt":22,"minecraft:terracotta":4,"minecraft:oak_leaves":4,"minecraft:deepslate":267},"minecraft:used":{"minecraft:stone_sword":73,"minecraft:iron_shovel":113,"minecraft:stone_shovel":10,"minecraft:chest":4,"minecraft:shield":36,"minecraft:iron_sword":519,"minecraft:bell":1,"minecraft:smooth_sandstone_stairs":1,"minecraft:trial_key":4,"minecraft:torch":16,"minecraft:dirt":15,"minecraft:wheat":4,"minecraft:tuff":7,"minecraft:granite":5,"minecraft:dark_oak_planks":68,"minecraft:waxed_oxidized_copper_grate":4,"minecraft:iron_axe":109,"minecraft:rooted_dirt":3,"minecraft:smooth_sandstone":73,"minecraft:waxed_exposed_copper_bulb":1,"minecraft:ominous_bottle":1,"minecraft:furnace":1,"minecraft:cooked_beef":5,"minecraft:orange_terracotta":6,"minecraft:pointed_dripstone":11,"minecraft:bamboo_planks":5,"minecraft:wheat_seeds":15,"minecraft:cooked_mutton":15,"minecraft:warped_fungus_on_a_stick":5,"minecraft:waxed_oxidized_cut_copper":1,"minecraft:stone_pickaxe":231,"minecraft:smooth_sandstone_slab":2,"minecraft:ender_pearl":2,"minecraft:sandstone":10,"minecraft:cut_sandstone":6,"minecraft:diamond_axe":145,"minecraft:fletching_table":3,"minecraft:green_bed":7,"minecraft:waxed_copper_block":5,"minecraft:sand":50,"minecraft:terracotta":1,"minecraft:crafting_table":5,"minecraft:lime_bed":8,"minecraft:flower_pot":2,"minecraft:diamond_pickaxe":89,"minecraft:dark_oak_log":33,"minecraft:bread":102,"minecraft:cyan_bed":5,"minecraft:iron_pickaxe":482,"minecraft:gravel":25,"minecraft:stone_axe":51,"minecraft:diamond_sword":1,"minecraft:cobblestone":62,"minecraft:bone_meal":1,"minecraft:waxed_copper_bulb":1}},"DataVersion":3953}