{"stats":{"minecraft:mined":{"minecraft:dark_oak_leaves":2,"minecraft:dark_oak_log":48,"minecraft:clay":3,"minecraft:crafting_table":1,"minecraft:granite":3,"minecraft:short_grass":3,"minecraft:grass_block":3,"minecraft:cobblestone":2,"minecraft:tall_grass":1,"minecraft:diorite":5,"minecraft:rooted_dirt":3,"minecraft:furnace":1,"minecraft:iron_ore":15,"minecraft:birch_leaves":1,"minecraft:coal_ore":11,"minecraft:oak_log":2,"minecraft:gravel":4,"minecraft:dirt":3,"minecraft:stone":48,"minecraft:oak_leaves":4},"minecraft:killed":{"minecraft:sheep":4,"minecraft:cow":2},"minecraft:picked_up":{"minecraft:crafting_table":1,"minecraft:warped_fungus_on_a_stick":1,"minecraft:leather":4,"minecraft:oak_log":2,"minecraft:dirt":6,"minecraft:moss_carpet":9,"minecraft:cooked_mutton":10,"minecraft:wheat_seeds":4,"minecraft:beef":7,"minecraft:stone_pickaxe":1,"minecraft:azalea":4,"minecraft:furnace":1,"minecraft:dark_oak_sapling":6,"minecraft:stick":3,"minecraft:raw_iron":15,"minecraft:cooked_porkchop":1,"minecraft:gravel":4,"minecraft:diorite":5,"minecraft:dark_oak_log":123,"minecraft:stone_sword":1,"minecraft:granite":3,"minecraft:rooted_dirt":3,"minecraft:mutton":9,"minecraft:coal":19,"minecraft:white_wool":3,"minecraft:cobblestone":50},"minecraft:crafted":{"minecraft:cooked_beef":5,"minecraft:stone_shovel":1,"minecraft:crafting_table":1,"minecraft:furnace":1,"minecraft:stone_axe":2,"minecraft:cooked_mutton":5,"minecraft:air":0,"minecraft:stick":12,"minecraft:iron_ingot":9,"minecraft:stone_pickaxe":1,"minecraft:stone_sword":1,"minecraft:chest":1,"minecraft:dark_oak_planks":56,"minecraft:torch":4},"minecraft:broken":{"minecraft:stone_axe":1},"minecraft:custom":{"minecraft:interact_with_furnace":8,"minecraft:mob_kills":6,"minecraft:interact_with_crafting_table":6,"minecraft:leave_game":3,"minecraft:time_since_death":174017,"minecraft:sleep_in_bed":1,"minecraft:climb_one_cm":12,"minecraft:time_since_rest":108607,"minecraft:sprint_one_cm":98925,"minecraft:damage_taken":557,"minecraft:walk_one_cm":41648,"minecraft:drop":17,"minecraft:damage_dealt":760,"minecraft:swim_one_cm":7390,"minecraft:fly_one_cm":126156,"minecraft:player_kills":1,"minecraft:open_chest":2,"minecraft:crouch_one_cm":4942,"minecraft:play_time":174017,"minecraft:sneak_time":3017,"minecraft:walk_under_water_one_cm":3372,"minecraft:jump":932,"minecraft:walk_on_water_one_cm":3614,"minecraft:total_world_time":174017,"minecraft:fall_one_cm":30009},"minecraft:used":{"minecraft:cooked_mutton":9,"minecraft:stone_sword":11,"minecraft:warped_fungus_on_a_stick":5,"minecraft:stone_shovel":10,"minecraft:stone_pickaxe":93,"minecraft:chest":1,"minecraft:dirt":5,"minecraft:crafting_table":1,"minecraft:dark_oak_log":10,"minecraft:rooted_dirt":3,"minecraft:stone_axe":50,"minecraft:cobblestone":5,"minecraft:furnace":1},"minecraft:dropped":{"minecraft:moss_carpet":9,"minecraft:wheat_seeds":4,"minecraft:stone_sword":1,"minecraft:dark_oak_sapling":6,"minecraft:cooked_porkchop":1,"minecraft:feather":1,"minecraft:cobblestone":6,"minecraft:light_gray_wool":1,"minecraft:leather":4,"minecraft:stick":5,"minecraft:dirt":1,"minecraft:mutton":4,"minecraft:azalea":4,"minecraft:stone_pickaxe":1,"minecraft:beef":2,"minecraft:dark_oak_planks":7}},"DataVersion":3953}