{"stats":{"minecraft:mined":{"minecraft:dark_oak_planks":2,"minecraft:diamond_ore":6,"minecraft:tuff":7,"minecraft:dark_oak_leaves":2,"minecraft:deepslate_diamond_ore":8,"minecraft:dark_oak_log":48,"minecraft:waxed_oxidized_chiseled_copper":1,"minecraft:granite":15,"minecraft:grass_block":3,"minecraft:decorated_pot":11,"minecraft:tuff_bricks":7,"minecraft:rooted_dirt":3,"minecraft:hay_block":29,"minecraft:waxed_oxidized_cut_copper":1,"minecraft:furnace":1,"minecraft:iron_ore":43,"minecraft:polished_tuff":1,"minecraft:waxed_oxidized_copper_bulb":1,"minecraft:deepslate_iron_ore":7,"minecraft:stone":166,"minecraft:clay":3,"minecraft:crafting_table":2,"minecraft:torch":1,"minecraft:short_grass":3,"minecraft:cobblestone":11,"minecraft:tall_grass":1,"minecraft:diorite":5,"minecraft:wall_torch":3,"minecraft:waxed_copper_bulb":1,"minecraft:waxed_oxidized_copper_grate":4,"minecraft:wheat":2,"minecraft:birch_leaves":1,"minecraft:waxed_copper_block":4,"minecraft:oak_log":2,"minecraft:coal_ore":12,"minecraft:beetroots":2,"minecraft:gravel":4,"minecraft:dirt":3,"minecraft:oak_leaves":4,"minecraft:deepslate":168},"minecraft:killed":{"minecraft:skeleton":1,"minecraft:silverfish":7,"minecraft:sheep":4,"minecraft:zombie":27,"minecraft:stray":23,"minecraft:breeze":8,"minecraft:enderman":1,"minecraft:cow":2},"minecraft:picked_up":{"minecraft:waxed_oxidized_cut_copper":1,"minecraft:iron_chestplate":3,"minecraft:crafting_table":2,"minecraft:ominous_bottle":2,"minecraft:potion":1,"minecraft:shield":3,"minecraft:brick":52,"minecraft:wind_charge":6,"minecraft:iron_axe":3,"minecraft:moss_carpet":9,"minecraft:iron_leggings":3,"minecraft:iron_shovel":3,"minecraft:cobbled_deepslate":422,"minecraft:beef":7,"minecraft:trial_key":2,"minecraft:azalea":4,"minecraft:iron_pickaxe":5,"minecraft:guster_pottery_sherd":2,"minecraft:iron_boots":3,"minecraft:furnace":3,"minecraft:tipped_arrow":42,"minecraft:dark_oak_sapling":6,"minecraft:raw_iron":61,"minecraft:stick":21,"minecraft:torch":6,"minecraft:flow_pottery_sherd":3,"minecraft:diorite":15,"minecraft:dark_oak_planks":82,"minecraft:waxed_oxidized_chiseled_copper":1,"minecraft:honey_bottle":2,"minecraft:stone_shovel":2,"minecraft:stone_sword":3,"minecraft:arrow":68,"minecraft:rotten_flesh":50,"minecraft:beetroot_seeds":1,"minecraft:hay_block":54,"minecraft:tuff_bricks":21,"minecraft:mutton":9,"minecraft:cobblestone":179,"minecraft:white_wool":9,"minecraft:golden_carrot":2,"minecraft:warped_fungus_on_a_stick":1,"minecraft:leather":4,"minecraft:potato":3,"minecraft:waxed_copper_bulb":1,"minecraft:tuff":11,"minecraft:smooth_sandstone_stairs":1,"minecraft:oak_log":2,"minecraft:waxed_copper_block":4,"minecraft:dirt":6,"minecraft:cooked_mutton":16,"minecraft:bone":60,"minecraft:bow":4,"minecraft:wheat_seeds":7,"minecraft:cooked_chicken":4,"minecraft:iron_ingot":22,"minecraft:stone_pickaxe":8,"minecraft:iron_sword":2,"minecraft:cooked_porkchop":1,"minecraft:waxed_oxidized_copper_bulb":3,"minecraft:gravel":12,"minecraft:dark_oak_log":307,"minecraft:polished_tuff":3,"minecraft:diamond":14,"minecraft:stone_axe":2,"minecraft:iron_helmet":1,"minecraft:waxed_oxidized_copper_grate":8,"minecraft:diamond_axe":1,"minecraft:crossbow":3,"minecraft:breeze_rod":36,"minecraft:granite":21,"minecraft:bread":234,"minecraft:emerald":20,"minecraft:music_disc_precipice":2,"minecraft:rooted_dirt":3,"minecraft:baked_potato":4,"minecraft:coal":34,"minecraft:ender_pearl":3},"minecraft:crafted":{"minecraft:oak_planks":8,"minecraft:stone_shovel":1,"minecraft:furnace":1,"minecraft:cooked_mutton":5,"minecraft:iron_boots":2,"minecraft:iron_axe":1,"minecraft:stone_pickaxe":2,"minecraft:chest":3,"minecraft:dark_oak_planks":112,"minecraft:wheat":486,"minecraft:cooked_beef":5,"minecraft:crafting_table":1,"minecraft:iron_helmet":2,"minecraft:iron_sword":2,"minecraft:stone_axe":2,"minecraft:bread":162,"minecraft:air":0,"minecraft:iron_chestplate":1,"minecraft:shield":1,"minecraft:stick":32,"minecraft:iron_ingot":49,"minecraft:iron_pickaxe":2,"minecraft:stone_sword":1,"minecraft:iron_shovel":1,"minecraft:iron_leggings":1,"minecraft:torch":4},"minecraft:broken":{"minecraft:iron_boots":1,"minecraft:stone_pickaxe":2,"minecraft:stone_axe":1,"minecraft:iron_sword":1,"minecraft:iron_helmet":1},"minecraft:custom":{"minecraft:mob_kills":75,"minecraft:interact_with_crafting_table":23,"minecraft:open_barrel":5,"minecraft:leave_game":8,"minecraft:time_since_death":16828,"minecraft:climb_one_cm":2312,"minecraft:sprint_one_cm":373439,"minecraft:walk_one_cm":150640,"minecraft:damage_blocked_by_shield":270,"minecraft:drop":25,"minecraft:talked_to_villager":2,"minecraft:play_time":313337,"minecraft:deaths":5,"minecraft:sneak_time":10468,"minecraft:walk_under_water_one_cm":7787,"minecraft:jump":2195,"minecraft:walk_on_water_one_cm":68268,"minecraft:total_world_time":313337,"minecraft:interact_with_furnace":23,"minecraft:sleep_in_bed":3,"minecraft:time_since_rest":7188,"minecraft:damage_taken":4471,"minecraft:damage_dealt":13873,"minecraft:player_kills":1,"minecraft:fly_one_cm":287084,"minecraft:swim_one_cm":16330,"minecraft:open_chest":29,"minecraft:crouch_one_cm":15634,"minecraft:fall_one_cm":67333,"minecraft:horse_one_cm":1605},"minecraft:used":{"minecraft:stone_sword":73,"minecraft:stone_shovel":10,"minecraft:chest":3,"minecraft:shield":11,"minecraft:iron_sword":256,"minecraft:smooth_sandstone_stairs":1,"minecraft:trial_key":3,"minecraft:torch":8,"minecraft:dirt":5,"minecraft:tuff":7,"minecraft:granite":5,"minecraft:dark_oak_planks":49,"minecraft:waxed_oxidized_copper_grate":4,"minecraft:iron_axe":47,"minecraft:rooted_dirt":3,"minecraft:ominous_bottle":1,"minecraft:furnace":1,"minecraft:cooked_beef":5,"minecraft:bamboo_planks":5,"minecraft:cooked_mutton":15,"minecraft:warped_fungus_on_a_stick":5,"minecraft:stone_pickaxe":231,"minecraft:ender_pearl":2,"minecraft:waxed_copper_block":4,"minecraft:crafting_table":3,"minecraft:dark_oak_log":18,"minecraft:bread":37,"minecraft:iron_pickaxe":247,"minecraft:stone_axe":51,"minecraft:cobblestone":41,"minecraft:waxed_copper_bulb":1},"minecraft:killed_by":{"minecraft:silverfish":2,"minecraft:zombie":2},"minecraft:dropped":{"minecraft:iron_ingot":1,"minecraft:bread":23,"minecraft:wheat_seeds":7,"minecraft:dark_oak_sapling":6,"minecraft:cooked_porkchop":1,"minecraft:feather":1,"minecraft:cobblestone":6,"minecraft:leather":4,"minecraft:stick":5,"minecraft:dirt":1,"minecraft:mutton":4,"minecraft:dark_oak_planks":7,"minecraft:moss_carpet":9,"minecraft:stone_sword":1,"minecraft:rotten_flesh":5,"minecraft:light_gray_wool":1,"minecraft:beetroot_seeds":1,"minecraft:azalea":4,"minecraft:stone_pickaxe":2,"minecraft:beef":2,"minecraft:brick":7}},"DataVersion":3953}