{"stats":{"minecraft:mined":{"minecraft:dark_oak_planks":2,"minecraft:diamond_ore":6,"minecraft:tuff":25,"minecraft:dark_oak_leaves":2,"minecraft:deepslate_diamond_ore":25,"minecraft:dark_oak_log":48,"minecraft:waxed_oxidized_chiseled_copper":1,"minecraft:granite":15,"minecraft:grass_block":3,"minecraft:decorated_pot":11,"minecraft:sandstone":10,"minecraft:rooted_dirt":3,"minecraft:tuff_bricks":7,"minecraft:hay_block":29,"minecraft:waxed_oxidized_cut_copper":1,"minecraft:furnace":1,"minecraft:iron_ore":43,"minecraft:polished_tuff":1,"minecraft:waxed_oxidized_copper_bulb":1,"minecraft:pointed_dripstone":3,"minecraft:deepslate_iron_ore":7,"minecraft:stone":170,"minecraft:cut_sandstone":2,"minecraft:orange_terracotta":3,"minecraft:clay":3,"minecraft:crafting_table":2,"minecraft:torch":1,"minecraft:short_grass":4,"minecraft:cobblestone":11,"minecraft:tall_grass":1,"minecraft:diorite":5,"minecraft:wall_torch":3,"minecraft:waxed_copper_bulb":1,"minecraft:waxed_oxidized_copper_grate":4,"minecraft:wheat":2,"minecraft:birch_leaves":1,"minecraft:waxed_copper_block":4,"minecraft:coal_ore":12,"minecraft:oak_log":2,"minecraft:beetroots":2,"minecraft:sand":2,"minecraft:gravel":4,"minecraft:dirt":20,"minecraft:oak_leaves":4,"minecraft:deepslate":267},"minecraft:killed":{"minecraft:skeleton":5,"minecraft:silverfish":7,"minecraft:sheep":4,"minecraft:zombie":28,"minecraft:stray":23,"minecraft:breeze":8,"minecraft:enderman":1,"minecraft:cow":2},"minecraft:picked_up":{"minecraft:crafting_table":2,"minecraft:waxed_oxidized_cut_copper":1,"minecraft:iron_chestplate":4,"minecraft:ominous_bottle":2,"minecraft:potion":1,"minecraft:shield":3,"minecraft:brick":52,"minecraft:wind_charge":6,"minecraft:moss_carpet":9,"minecraft:iron_axe":3,"minecraft:iron_leggings":4,"minecraft:iron_shovel":3,"minecraft:cobbled_deepslate":521,"minecraft:beef":7,"minecraft:trial_key":2,"minecraft:azalea":4,"minecraft:iron_pickaxe":5,"minecraft:guster_pottery_sherd":2,"minecraft:iron_boots":3,"minecraft:furnace":3,"minecraft:sandstone":10,"minecraft:tipped_arrow":42,"minecraft:dark_oak_sapling":6,"minecraft:stick":21,"minecraft:raw_iron":61,"minecraft:torch":6,"minecraft:flow_pottery_sherd":3,"minecraft:pointed_dripstone":9,"minecraft:diorite":15,"minecraft:dark_oak_planks":82,"minecraft:waxed_oxidized_chiseled_copper":1,"minecraft:stone_shovel":2,"minecraft:honey_bottle":2,"minecraft:stone_sword":3,"minecraft:arrow":71,"minecraft:rotten_flesh":51,"minecraft:beetroot_seeds":1,"minecraft:hay_block":54,"minecraft:tuff_bricks":21,"minecraft:mutton":9,"minecraft:cobblestone":183,"minecraft:white_wool":9,"minecraft:golden_carrot":2,"minecraft:warped_fungus_on_a_stick":1,"minecraft:cut_sandstone":2,"minecraft:leather":4,"minecraft:potato":3,"minecraft:waxed_copper_bulb":1,"minecraft:waxed_copper_block":4,"minecraft:tuff":29,"minecraft:smooth_sandstone_stairs":1,"minecraft:oak_log":2,"minecraft:dirt":23,"minecraft:orange_terracotta":4,"minecraft:cooked_mutton":16,"minecraft:bone":67,"minecraft:bow":4,"minecraft:wheat_seeds":7,"minecraft:iron_ingot":22,"minecraft:stone_pickaxe":8,"minecraft:cooked_chicken":4,"minecraft:iron_sword":2,"minecraft:cooked_porkchop":1,"minecraft:waxed_oxidized_copper_bulb":3,"minecraft:dripstone_block":1,"minecraft:gravel":12,"minecraft:sand":2,"minecraft:dark_oak_log":307,"minecraft:polished_tuff":3,"minecraft:diamond":31,"minecraft:stone_axe":2,"minecraft:breeze_rod":36,"minecraft:waxed_oxidized_copper_grate":8,"minecraft:diamond_axe":1,"minecraft:iron_helmet":1,"minecraft:crossbow":3,"minecraft:granite":21,"minecraft:bread":234,"minecraft:emerald":20,"minecraft:music_disc_precipice":2,"minecraft:rooted_dirt":3,"minecraft:baked_potato":4,"minecraft:coal":34,"minecraft:ender_pearl":3},"minecraft:crafted":{"minecraft:oak_planks":8,"minecraft:stone_shovel":1,"minecraft:furnace":1,"minecraft:cooked_mutton":5,"minecraft:iron_boots":2,"minecraft:diamond_leggings":1,"minecraft:iron_axe":1,"minecraft:stone_pickaxe":2,"minecraft:chest":3,"minecraft:dark_oak_planks":112,"minecraft:wheat":486,"minecraft:cooked_beef":5,"minecraft:crafting_table":1,"minecraft:iron_helmet":2,"minecraft:iron_sword":2,"minecraft:stone_axe":2,"minecraft:bread":162,"minecraft:air":0,"minecraft:iron_chestplate":1,"minecraft:shield":1,"minecraft:stick":32,"minecraft:iron_ingot":49,"minecraft:iron_pickaxe":2,"minecraft:stone_sword":1,"minecraft:iron_shovel":1,"minecraft:iron_leggings":1,"minecraft:torch":4,"minecraft:diamond_chestplate":1},"minecraft:broken":{"minecraft:iron_boots":1,"minecraft:stone_pickaxe":2,"minecraft:stone_axe":1,"minecraft:iron_sword":1,"minecraft:iron_helmet":1},"minecraft:custom":{"minecraft:mob_kills":80,"minecraft:interact_with_crafting_table":25,"minecraft:open_barrel":5,"minecraft:leave_game":13,"minecraft:time_since_death":56288,"minecraft:climb_one_cm":2312,"minecraft:sprint_one_cm":476780,"minecraft:walk_one_cm":170439,"minecraft:damage_blocked_by_shield":369,"minecraft:drop":32,"minecraft:talked_to_villager":2,"minecraft:play_time":352797,"minecraft:deaths":5,"minecraft:sneak_time":13272,"minecraft:walk_under_water_one_cm":10155,"minecraft:jump":2914,"minecraft:walk_on_water_one_cm":77059,"minecraft:total_world_time":352797,"minecraft:interact_with_furnace":24,"minecraft:sleep_in_bed":5,"minecraft:time_since_rest":25418,"minecraft:damage_taken":4946,"minecraft:damage_dealt":14873,"minecraft:player_kills":1,"minecraft:swim_one_cm":24639,"minecraft:fly_one_cm":419574,"minecraft:open_chest":39,"minecraft:crouch_one_cm":20742,"minecraft:fall_one_cm":95956,"minecraft:horse_one_cm":1605},"minecraft:used":{"minecraft:stone_sword":73,"minecraft:iron_shovel":19,"minecraft:stone_shovel":10,"minecraft:chest":3,"minecraft:shield":14,"minecraft:iron_sword":275,"minecraft:smooth_sandstone_stairs":1,"minecraft:trial_key":3,"minecraft:torch":8,"minecraft:dirt":11,"minecraft:tuff":7,"minecraft:granite":5,"minecraft:dark_oak_planks":49,"minecraft:waxed_oxidized_copper_grate":4,"minecraft:iron_axe":47,"minecraft:rooted_dirt":3,"minecraft:ominous_bottle":1,"minecraft:furnace":1,"minecraft:cooked_beef":5,"minecraft:orange_terracotta":3,"minecraft:bamboo_planks":5,"minecraft:cooked_mutton":15,"minecraft:warped_fungus_on_a_stick":5,"minecraft:stone_pickaxe":231,"minecraft:ender_pearl":2,"minecraft:sandstone":10,"minecraft:cut_sandstone":2,"minecraft:waxed_copper_block":4,"minecraft:sand":2,"minecraft:crafting_table":3,"minecraft:dark_oak_log":18,"minecraft:bread":51,"minecraft:iron_pickaxe":403,"minecraft:stone_axe":51,"minecraft:cobblestone":41,"minecraft:waxed_copper_bulb":1},"minecraft:killed_by":{"minecraft:silverfish":2,"minecraft:zombie":2},"minecraft:dropped":{"minecraft:bread":23,"minecraft:iron_ingot":1,"minecraft:wheat_seeds":7,"minecraft:dark_oak_sapling":6,"minecraft:cooked_porkchop":1,"minecraft:feather":1,"minecraft:cobblestone":6,"minecraft:leather":4,"minecraft:stick":5,"minecraft:dirt":1,"minecraft:mutton":4,"minecraft:iron_leggings":2,"minecraft:dark_oak_planks":7,"minecraft:bone":7,"minecraft:moss_carpet":9,"minecraft:stone_sword":1,"minecraft:rotten_flesh":6,"minecraft:light_gray_wool":1,"minecraft:orange_terracotta":1,"minecraft:iron_chestplate":2,"minecraft:beetroot_seeds":1,"minecraft:azalea":4,"minecraft:beef":2,"minecraft:stone_pickaxe":2,"minecraft:brick":7}},"DataVersion":3953}