{"stats":{"minecraft:mined":{"minecraft:tuff":7,"minecraft:dark_oak_leaves":2,"minecraft:dark_oak_log":48,"minecraft:clay":3,"minecraft:crafting_table":2,"minecraft:torch":1,"minecraft:granite":3,"minecraft:short_grass":3,"minecraft:grass_block":3,"minecraft:cobblestone":5,"minecraft:tall_grass":1,"minecraft:diorite":5,"minecraft:tuff_bricks":3,"minecraft:rooted_dirt":3,"minecraft:wall_torch":2,"minecraft:waxed_copper_bulb":1,"minecraft:furnace":1,"minecraft:iron_ore":15,"minecraft:polished_tuff":1,"minecraft:waxed_copper_block":3,"minecraft:waxed_oxidized_copper_bulb":1,"minecraft:birch_leaves":1,"minecraft:coal_ore":11,"minecraft:oak_log":2,"minecraft:gravel":4,"minecraft:dirt":3,"minecraft:stone":48,"minecraft:deepslate":128,"minecraft:oak_leaves":4},"minecraft:killed":{"minecraft:sheep":4,"minecraft:stray":4,"minecraft:breeze":2,"minecraft:cow":2},"minecraft:picked_up":{"minecraft:crafting_table":2,"minecraft:warped_fungus_on_a_stick":1,"minecraft:leather":4,"minecraft:waxed_copper_bulb":1,"minecraft:tuff":7,"minecraft:waxed_copper_block":3,"minecraft:oak_log":2,"minecraft:dirt":6,"minecraft:moss_carpet":9,"minecraft:cooked_mutton":10,"minecraft:bone":3,"minecraft:bow":1,"minecraft:wheat_seeds":4,"minecraft:cobbled_deepslate":128,"minecraft:beef":7,"minecraft:stone_pickaxe":2,"minecraft:azalea":4,"minecraft:furnace":1,"minecraft:dark_oak_sapling":6,"minecraft:stick":3,"minecraft:raw_iron":15,"minecraft:cooked_porkchop":1,"minecraft:waxed_oxidized_copper_bulb":1,"minecraft:torch":4,"minecraft:gravel":4,"minecraft:diorite":5,"minecraft:polished_tuff":1,"minecraft:dark_oak_log":123,"minecraft:stone_sword":1,"minecraft:arrow":4,"minecraft:breeze_rod":5,"minecraft:granite":3,"minecraft:rooted_dirt":3,"minecraft:tuff_bricks":3,"minecraft:mutton":9,"minecraft:coal":19,"minecraft:white_wool":3,"minecraft:cobblestone":52},"minecraft:crafted":{"minecraft:cooked_beef":5,"minecraft:stone_shovel":1,"minecraft:crafting_table":1,"minecraft:furnace":1,"minecraft:stone_axe":2,"minecraft:cooked_mutton":5,"minecraft:air":0,"minecraft:stick":16,"minecraft:iron_ingot":9,"minecraft:iron_pickaxe":1,"minecraft:stone_pickaxe":2,"minecraft:stone_sword":1,"minecraft:chest":1,"minecraft:dark_oak_planks":56,"minecraft:torch":4},"minecraft:custom":{"minecraft:interact_with_furnace":8,"minecraft:mob_kills":12,"minecraft:interact_with_crafting_table":8,"minecraft:open_barrel":1,"minecraft:leave_game":3,"minecraft:time_since_death":192017,"minecraft:sleep_in_bed":1,"minecraft:climb_one_cm":12,"minecraft:time_since_rest":126607,"minecraft:sprint_one_cm":121471,"minecraft:damage_taken":1197,"minecraft:walk_one_cm":56859,"minecraft:drop":18,"minecraft:damage_dealt":2063,"minecraft:swim_one_cm":7390,"minecraft:fly_one_cm":138836,"minecraft:player_kills":1,"minecraft:open_chest":5,"minecraft:crouch_one_cm":7796,"minecraft:play_time":192017,"minecraft:sneak_time":4767,"minecraft:walk_under_water_one_cm":3395,"minecraft:jump":1033,"minecraft:walk_on_water_one_cm":13172,"minecraft:total_world_time":192017,"minecraft:fall_one_cm":32836},"minecraft:used":{"minecraft:cooked_mutton":11,"minecraft:stone_sword":55,"minecraft:warped_fungus_on_a_stick":5,"minecraft:stone_shovel":10,"minecraft:stone_pickaxe":206,"minecraft:chest":1,"minecraft:torch":6,"minecraft:dirt":5,"minecraft:crafting_table":3,"minecraft:tuff":3,"minecraft:dark_oak_log":10,"minecraft:rooted_dirt":3,"minecraft:iron_pickaxe":35,"minecraft:stone_axe":51,"minecraft:cobblestone":35,"minecraft:furnace":1,"minecraft:cooked_beef":5},"minecraft:broken":{"minecraft:stone_pickaxe":1,"minecraft:stone_axe":1},"minecraft:dropped":{"minecraft:moss_carpet":9,"minecraft:wheat_seeds":4,"minecraft:stone_sword":1,"minecraft:dark_oak_sapling":6,"minecraft:cooked_porkchop":1,"minecraft:feather":1,"minecraft:cobblestone":6,"minecraft:light_gray_wool":1,"minecraft:leather":4,"minecraft:stick":5,"minecraft:dirt":1,"minecraft:mutton":4,"minecraft:azalea":4,"minecraft:stone_pickaxe":2,"minecraft:beef":2,"minecraft:dark_oak_planks":7}},"DataVersion":3953}