{"stats":{"minecraft:mined":{"minecraft:dark_oak_leaves":2,"minecraft:iron_ore":9,"minecraft:dark_oak_log":48,"minecraft:birch_leaves":1,"minecraft:clay":3,"minecraft:short_grass":2,"minecraft:oak_log":2,"minecraft:grass_block":3,"minecraft:coal_ore":11,"minecraft:dirt":3,"minecraft:tall_grass":1,"minecraft:stone":17,"minecraft:rooted_dirt":3,"minecraft:oak_leaves":4},"minecraft:killed":{"minecraft:sheep":3,"minecraft:cow":2},"minecraft:picked_up":{"minecraft:dark_oak_sapling":6,"minecraft:stick":3,"minecraft:raw_iron":9,"minecraft:cooked_porkchop":1,"minecraft:warped_fungus_on_a_stick":1,"minecraft:leather":4,"minecraft:oak_log":2,"minecraft:dark_oak_log":123,"minecraft:dirt":6,"minecraft:moss_carpet":9,"minecraft:cooked_mutton":10,"minecraft:stone_sword":1,"minecraft:wheat_seeds":4,"minecraft:beef":7,"minecraft:stone_pickaxe":1,"minecraft:azalea":4,"minecraft:rooted_dirt":3,"minecraft:mutton":8,"minecraft:coal":11,"minecraft:white_wool":3,"minecraft:cobblestone":17},"minecraft:crafted":{"minecraft:stone_shovel":1,"minecraft:crafting_table":1,"minecraft:stick":8,"minecraft:stone_pickaxe":1,"minecraft:stone_sword":1,"minecraft:chest":1,"minecraft:dark_oak_planks":56,"minecraft:stone_axe":2},"minecraft:broken":{"minecraft:stone_axe":1},"minecraft:used":{"minecraft:cooked_mutton":9,"minecraft:stone_sword":9,"minecraft:warped_fungus_on_a_stick":5,"minecraft:dark_oak_log":10,"minecraft:rooted_dirt":3,"minecraft:stone_pickaxe":44,"minecraft:stone_shovel":7,"minecraft:chest":1,"minecraft:stone_axe":49,"minecraft:dirt":5,"minecraft:crafting_table":1},"minecraft:custom":{"minecraft:time_since_rest":96607,"minecraft:sprint_one_cm":75771,"minecraft:damage_taken":557,"minecraft:walk_one_cm":35247,"minecraft:mob_kills":5,"minecraft:drop":15,"minecraft:damage_dealt":670,"minecraft:interact_with_crafting_table":3,"minecraft:swim_one_cm":7390,"minecraft:fly_one_cm":99279,"minecraft:player_kills":1,"minecraft:open_chest":2,"minecraft:crouch_one_cm":4543,"minecraft:play_time":162017,"minecraft:sneak_time":2364,"minecraft:walk_under_water_one_cm":2569,"minecraft:jump":763,"minecraft:leave_game":3,"minecraft:walk_on_water_one_cm":3602,"minecraft:time_since_death":162017,"minecraft:sleep_in_bed":1,"minecraft:total_world_time":162017,"minecraft:climb_one_cm":12,"minecraft:fall_one_cm":23449},"minecraft:dropped":{"minecraft:dirt":1,"minecraft:moss_carpet":9,"minecraft:wheat_seeds":4,"minecraft:stone_sword":1,"minecraft:mutton":4,"minecraft:dark_oak_sapling":6,"minecraft:cooked_porkchop":1,"minecraft:azalea":4,"minecraft:light_gray_wool":1,"minecraft:feather":1,"minecraft:leather":4,"minecraft:beef":2,"minecraft:stone_pickaxe":1,"minecraft:dark_oak_planks":7}},"DataVersion":3953}