{"stats":{"minecraft:broken":{"minecraft:iron_boots":1,"minecraft:stone_pickaxe":2,"minecraft:stone_axe":1,"minecraft:iron_sword":1,"minecraft:iron_helmet":1},"minecraft:picked_up":{"minecraft:crafting_table":2,"minecraft:waxed_oxidized_cut_copper":1,"minecraft:iron_chestplate":4,"minecraft:ominous_bottle":2,"minecraft:flower_pot":1,"minecraft:potion":1,"minecraft:shield":3,"minecraft:brick":52,"minecraft:wind_charge":6,"minecraft:string":1,"minecraft:moss_carpet":9,"minecraft:iron_axe":3,"minecraft:iron_leggings":4,"minecraft:iron_shovel":3,"minecraft:red_sand":4,"minecraft:cartography_table":1,"minecraft:cobbled_deepslate":521,"minecraft:beef":7,"minecraft:trial_key":2,"minecraft:azalea":4,"minecraft:iron_pickaxe":5,"minecraft:guster_pottery_sherd":2,"minecraft:sugar_cane":16,"minecraft:chest":1,"minecraft:iron_boots":3,"minecraft:furnace":3,"minecraft:tipped_arrow":42,"minecraft:dark_oak_sapling":11,"minecraft:stick":26,"minecraft:raw_iron":65,"minecraft:sandstone":10,"minecraft:composter":2,"minecraft:torch":17,"minecraft:green_bed":7,"minecraft:flow_pottery_sherd":3,"minecraft:pointed_dripstone":14,"minecraft:diorite":15,"minecraft:dark_oak_planks":82,"minecraft:smooth_sandstone_slab":2,"minecraft:waxed_oxidized_chiseled_copper":1,"minecraft:rotten_flesh":51,"minecraft:honey_bottle":2,"minecraft:stone_sword":3,"minecraft:arrow":73,"minecraft:stone_shovel":2,"minecraft:beetroot_seeds":1,"minecraft:hay_block":54,"minecraft:tuff_bricks":21,"minecraft:mutton":9,"minecraft:white_wool":9,"minecraft:cobblestone":204,"minecraft:lime_bed":8,"minecraft:golden_carrot":2,"minecraft:warped_fungus_on_a_stick":1,"minecraft:leather":4,"minecraft:cut_sandstone":10,"minecraft:potato":3,"minecraft:waxed_copper_bulb":1,"minecraft:waxed_copper_block":4,"minecraft:tuff":29,"minecraft:smooth_sandstone_stairs":5,"minecraft:oak_log":2,"minecraft:dirt":24,"minecraft:orange_terracotta":7,"minecraft:cooked_mutton":16,"minecraft:smooth_sandstone":87,"minecraft:bone":68,"minecraft:apple":1,"minecraft:bow":4,"minecraft:wheat_seeds":8,"minecraft:bell":1,"minecraft:iron_ingot":25,"minecraft:grindstone":1,"minecraft:stone_pickaxe":8,"minecraft:cooked_chicken":4,"minecraft:iron_sword":2,"minecraft:cooked_porkchop":3,"minecraft:waxed_oxidized_copper_bulb":3,"minecraft:dripstone_block":4,"minecraft:gravel":12,"minecraft:sand":50,"minecraft:grass_block":1,"minecraft:cyan_bed":5,"minecraft:dark_oak_log":362,"minecraft:polished_tuff":3,"minecraft:diamond":31,"minecraft:stone_axe":2,"minecraft:crossbow":3,"minecraft:waxed_oxidized_copper_grate":8,"minecraft:granite":21,"minecraft:iron_helmet":1,"minecraft:diamond_axe":1,"minecraft:breeze_rod":36,"minecraft:emerald":20,"minecraft:bread":234,"minecraft:music_disc_precipice":2,"minecraft:rooted_dirt":3,"minecraft:terracotta":8,"minecraft:baked_potato":4,"minecraft:coal":35,"minecraft:ender_pearl":4},"minecraft:killed_by":{"minecraft:silverfish":2,"minecraft:zombie":2},"minecraft:custom":{"minecraft:mob_kills":87,"minecraft:interact_with_crafting_table":27,"minecraft:open_barrel":5,"minecraft:bell_ring":61,"minecraft:leave_game":15,"minecraft:time_since_death":137065,"minecraft:climb_one_cm":2312,"minecraft:sprint_one_cm":651128,"minecraft:walk_one_cm":249423,"minecraft:damage_blocked_by_shield":479,"minecraft:drop":52,"minecraft:talked_to_villager":7,"minecraft:play_time":433574,"minecraft:deaths":5,"minecraft:sneak_time":18166,"minecraft:walk_under_water_one_cm":10662,"minecraft:jump":3867,"minecraft:walk_on_water_one_cm":77749,"minecraft:total_world_time":433574,"minecraft:interact_with_furnace":26,"minecraft:sleep_in_bed":5,"minecraft:time_since_rest":106195,"minecraft:damage_taken":5645,"minecraft:damage_dealt":17018,"minecraft:swim_one_cm":27832,"minecraft:fly_one_cm":566589,"minecraft:player_kills":1,"minecraft:open_chest":55,"minecraft:crouch_one_cm":37597,"minecraft:fall_one_cm":127399,"minecraft:horse_one_cm":1749},"minecraft:crafted":{"minecraft:oak_planks":8,"minecraft:stone_shovel":1,"minecraft:furnace":1,"minecraft:cooked_mutton":5,"minecraft:diamond_leggings":1,"minecraft:iron_boots":2,"minecraft:iron_axe":1,"minecraft:stone_pickaxe":2,"minecraft:chest":3,"minecraft:dark_oak_planks":116,"minecraft:wheat":486,"minecraft:cooked_beef":5,"minecraft:crafting_table":2,"minecraft:iron_helmet":2,"minecraft:iron_sword":2,"minecraft:stone_axe":2,"minecraft:bread":162,"minecraft:air":0,"minecraft:iron_chestplate":1,"minecraft:diamond_pickaxe":1,"minecraft:shield":1,"minecraft:stick":40,"minecraft:iron_pickaxe":2,"minecraft:iron_ingot":49,"minecraft:stone_sword":1,"minecraft:iron_shovel":1,"minecraft:iron_leggings":1,"minecraft:torch":4,"minecraft:diamond_chestplate":1},"minecraft:killed":{"minecraft:spider":1,"minecraft:skeleton":6,"minecraft:silverfish":7,"minecraft:iron_golem":1,"minecraft:sheep":4,"minecraft:zombie":29,"minecraft:stray":23,"minecraft:breeze":8,"minecraft:villager":2,"minecraft:enderman":2,"minecraft:cow":2},"minecraft:dropped":{"minecraft:bread":23,"minecraft:iron_ingot":1,"minecraft:wheat_seeds":8,"minecraft:dark_oak_sapling":6,"minecraft:cooked_porkchop":3,"minecraft:feather":1,"minecraft:cobblestone":6,"minecraft:apple":1,"minecraft:leather":4,"minecraft:stick":5,"minecraft:dirt":2,"minecraft:dark_oak_log":9,"minecraft:mutton":4,"minecraft:cut_sandstone":4,"minecraft:iron_leggings":2,"minecraft:string":1,"minecraft:dark_oak_planks":7,"minecraft:smooth_sandstone":19,"minecraft:bone":7,"minecraft:moss_carpet":9,"minecraft:sugar_cane":8,"minecraft:stone_sword":1,"minecraft:smooth_sandstone_stairs":2,"minecraft:composter":2,"minecraft:rotten_flesh":6,"minecraft:light_gray_wool":1,"minecraft:orange_terracotta":1,"minecraft:iron_chestplate":2,"minecraft:beetroot_seeds":1,"minecraft:azalea":4,"minecraft:beef":2,"minecraft:red_sand":4,"minecraft:stone_pickaxe":2,"minecraft:cartography_table":1,"minecraft:brick":7,"minecraft:terracotta":7},"minecraft:mined":{"minecraft:dark_oak_planks":2,"minecraft:diamond_ore":6,"minecraft:tuff":25,"minecraft:dark_oak_leaves":3,"minecraft:deepslate_diamond_ore":25,"minecraft:dark_oak_log":77,"minecraft:waxed_oxidized_chiseled_copper":1,"minecraft:granite":15,"minecraft:red_sand":3,"minecraft:grass_block":7,"minecraft:decorated_pot":11,"minecraft:cartography_table":1,"minecraft:composter":2,"minecraft:tuff_bricks":7,"minecraft:sandstone":10,"minecraft:rooted_dirt":3,"minecraft:hay_block":29,"minecraft:waxed_oxidized_cut_copper":1,"minecraft:furnace":1,"minecraft:iron_ore":47,"minecraft:polished_tuff":1,"minecraft:waxed_oxidized_copper_bulb":1,"minecraft:bell":1,"minecraft:pointed_dripstone":4,"minecraft:deepslate_iron_ore":7,"minecraft:smooth_sandstone_stairs":3,"minecraft:stone":187,"minecraft:green_bed":5,"minecraft:cut_sandstone":6,"minecraft:orange_terracotta":6,"minecraft:smooth_sandstone":78,"minecraft:clay":3,"minecraft:crafting_table":2,"minecraft:torch":4,"minecraft:short_grass":4,"minecraft:chest":1,"minecraft:dead_bush":1,"minecraft:cobblestone":15,"minecraft:tall_grass":1,"minecraft:cyan_bed":3,"minecraft:grindstone":1,"minecraft:sugar_cane":4,"minecraft:diorite":5,"minecraft:smooth_sandstone_slab":2,"minecraft:wall_torch":5,"minecraft:waxed_copper_bulb":1,"minecraft:lime_bed":5,"minecraft:waxed_oxidized_copper_grate":4,"minecraft:wheat":3,"minecraft:birch_leaves":1,"minecraft:waxed_copper_block":4,"minecraft:oak_log":2,"minecraft:coal_ore":13,"minecraft:beetroots":2,"minecraft:gravel":4,"minecraft:sand":39,"minecraft:dirt":20,"minecraft:terracotta":4,"minecraft:oak_leaves":4,"minecraft:deepslate":267},"minecraft:used":{"minecraft:stone_sword":73,"minecraft:iron_shovel":62,"minecraft:stone_shovel":10,"minecraft:chest":4,"minecraft:shield":17,"minecraft:iron_sword":317,"minecraft:bell":1,"minecraft:smooth_sandstone_stairs":1,"minecraft:trial_key":3,"minecraft:torch":15,"minecraft:dirt":11,"minecraft:tuff":7,"minecraft:granite":5,"minecraft:dark_oak_planks":49,"minecraft:waxed_oxidized_copper_grate":4,"minecraft:iron_axe":81,"minecraft:rooted_dirt":3,"minecraft:smooth_sandstone":68,"minecraft:ominous_bottle":1,"minecraft:furnace":1,"minecraft:cooked_beef":5,"minecraft:orange_terracotta":6,"minecraft:pointed_dripstone":11,"minecraft:bamboo_planks":5,"minecraft:cooked_mutton":15,"minecraft:warped_fungus_on_a_stick":5,"minecraft:stone_pickaxe":231,"minecraft:smooth_sandstone_slab":2,"minecraft:ender_pearl":2,"minecraft:sandstone":10,"minecraft:cut_sandstone":6,"minecraft:green_bed":7,"minecraft:waxed_copper_block":4,"minecraft:sand":50,"minecraft:terracotta":1,"minecraft:crafting_table":4,"minecraft:lime_bed":8,"minecraft:flower_pot":1,"minecraft:diamond_pickaxe":47,"minecraft:dark_oak_log":30,"minecraft:bread":68,"minecraft:cyan_bed":5,"minecraft:iron_pickaxe":482,"minecraft:stone_axe":51,"minecraft:cobblestone":57,"minecraft:waxed_copper_bulb":1}},"DataVersion":3953}