{"stats":{"minecraft:mined":{"minecraft:dark_oak_leaves":2,"minecraft:iron_ore":9,"minecraft:dark_oak_log":38,"minecraft:birch_leaves":1,"minecraft:coal_ore":11,"minecraft:clay":3,"minecraft:short_grass":2,"minecraft:grass_block":3,"minecraft:oak_log":2,"minecraft:dirt":3,"minecraft:tall_grass":1,"minecraft:stone":8,"minecraft:rooted_dirt":3,"minecraft:oak_leaves":4},"minecraft:killed":{"minecraft:cow":2},"minecraft:picked_up":{"minecraft:dark_oak_sapling":6,"minecraft:stick":3,"minecraft:raw_iron":9,"minecraft:cooked_porkchop":1,"minecraft:warped_fungus_on_a_stick":1,"minecraft:leather":4,"minecraft:oak_log":2,"minecraft:dark_oak_log":113,"minecraft:dirt":6,"minecraft:moss_carpet":9,"minecraft:cooked_mutton":10,"minecraft:stone_sword":1,"minecraft:wheat_seeds":4,"minecraft:beef":7,"minecraft:stone_pickaxe":1,"minecraft:azalea":4,"minecraft:rooted_dirt":3,"minecraft:mutton":4,"minecraft:coal":11,"minecraft:cobblestone":8},"minecraft:used":{"minecraft:cooked_mutton":8,"minecraft:stone_sword":3,"minecraft:warped_fungus_on_a_stick":5,"minecraft:dark_oak_log":10,"minecraft:stone_shovel":7,"minecraft:rooted_dirt":3,"minecraft:stone_pickaxe":35,"minecraft:chest":1,"minecraft:stone_axe":39,"minecraft:dirt":1},"minecraft:crafted":{"minecraft:stone_shovel":1,"minecraft:stick":4,"minecraft:stone_pickaxe":1,"minecraft:stone_sword":1,"minecraft:chest":1,"minecraft:stone_axe":1},"minecraft:custom":{"minecraft:time_since_rest":86233,"minecraft:sprint_one_cm":48260,"minecraft:damage_taken":502,"minecraft:walk_one_cm":29604,"minecraft:mob_kills":2,"minecraft:drop":9,"minecraft:damage_dealt":430,"minecraft:swim_one_cm":7390,"minecraft:interact_with_crafting_table":2,"minecraft:fly_one_cm":62213,"minecraft:player_kills":1,"minecraft:open_chest":2,"minecraft:crouch_one_cm":3690,"minecraft:play_time":151643,"minecraft:sneak_time":1831,"minecraft:walk_under_water_one_cm":2569,"minecraft:jump":565,"minecraft:leave_game":2,"minecraft:walk_on_water_one_cm":3602,"minecraft:time_since_death":151643,"minecraft:sleep_in_bed":1,"minecraft:climb_one_cm":12,"minecraft:total_world_time":151643,"minecraft:fall_one_cm":18526},"minecraft:dropped":{"minecraft:dirt":1,"minecraft:stone_sword":1,"minecraft:mutton":4,"minecraft:cooked_porkchop":1,"minecraft:feather":1,"minecraft:light_gray_wool":1,"minecraft:beef":2,"minecraft:stone_pickaxe":1,"minecraft:dark_oak_planks":1}},"DataVersion":3953}