{"stats":{"minecraft:mined":{"minecraft:dark_oak_leaves":3,"minecraft:crafting_table":4,"minecraft:short_grass":3,"minecraft:grass_block":12,"minecraft:copper_ore":4,"minecraft:sugar_cane":1,"minecraft:wall_torch":2,"minecraft:hay_block":34,"minecraft:iron_ore":10,"minecraft:birch_log":8,"minecraft:birch_leaves":5,"minecraft:coal_ore":23,"minecraft:dirt":10,"minecraft:stone":100},"minecraft:picked_up":{"minecraft:birch_log":25,"minecraft:crafting_table":4,"minecraft:feather":1,"minecraft:chicken":1,"minecraft:clay_ball":31,"minecraft:leather":4,"minecraft:birch_planks":28,"minecraft:lily_pad":13,"minecraft:dirt":43,"minecraft:raw_copper":15,"minecraft:wooden_sword":2,"minecraft:stone_pickaxe":1,"minecraft:beef":5,"minecraft:light_gray_wool":1,"minecraft:sugar_cane":2,"minecraft:birch_sapling":6,"minecraft:egg":1,"minecraft:stick":27,"minecraft:raw_iron":10,"minecraft:cooked_porkchop":1,"minecraft:birch_boat":3,"minecraft:torch":3,"minecraft:porkchop":4,"minecraft:dark_oak_log":4,"minecraft:stone_sword":1,"minecraft:rotten_flesh":7,"minecraft:hay_block":34,"minecraft:mutton":22,"minecraft:coal":23,"minecraft:white_wool":13,"minecraft:cobblestone":99},"minecraft:dropped":{"minecraft:warped_fungus_on_a_stick":2,"minecraft:rotten_flesh":4,"minecraft:torch":1},"minecraft:used":{"minecraft:stone_sword":24,"minecraft:warped_fungus_on_a_stick":44,"minecraft:stone_pickaxe":98,"minecraft:birch_boat":3,"minecraft:wooden_pickaxe":44,"minecraft:torch":2,"minecraft:dirt":33,"minecraft:crafting_table":5,"minecraft:white_bed":1,"minecraft:birch_door":3,"minecraft:wooden_axe":4,"minecraft:bread":4,"minecraft:chicken":1,"minecraft:birch_sapling":6,"minecraft:stone_axe":3,"minecraft:wooden_sword":45,"minecraft:cobblestone":11,"minecraft:beef":1,"minecraft:furnace":1,"minecraft:cooked_porkchop":3},"minecraft:custom":{"minecraft:interact_with_furnace":8,"minecraft:mob_kills":19,"minecraft:interact_with_crafting_table":14,"minecraft:leave_game":3,"minecraft:time_since_death":45022,"minecraft:sleep_in_bed":4,"minecraft:climb_one_cm":1310,"minecraft:time_since_rest":3358,"minecraft:sprint_one_cm":169544,"minecraft:damage_taken":1634,"minecraft:walk_one_cm":221459,"minecraft:drop":7,"minecraft:damage_dealt":2376,"minecraft:talked_to_villager":1,"minecraft:fly_one_cm":44146,"minecraft:open_chest":6,"minecraft:crouch_one_cm":3,"minecraft:play_time":124948,"minecraft:deaths":5,"minecraft:sneak_time":166,"minecraft:walk_under_water_one_cm":1991,"minecraft:boat_one_cm":66707,"minecraft:jump":896,"minecraft:walk_on_water_one_cm":16222,"minecraft:total_world_time":124948,"minecraft:fall_one_cm":19830},"minecraft:crafted":{"minecraft:cooked_beef":1,"minecraft:wooden_sword":1,"minecraft:cooked_porkchop":4,"minecraft:crafting_table":2,"minecraft:birch_boat":1,"minecraft:wooden_pickaxe":1,"minecraft:furnace":1,"minecraft:birch_planks":100,"minecraft:bread":33,"minecraft:cooked_mutton":10,"minecraft:warped_fungus_on_a_stick":1,"minecraft:stick":8,"minecraft:stone_pickaxe":1,"minecraft:wooden_axe":1,"minecraft:stone_sword":1,"minecraft:chest":1,"minecraft:white_bed":1,"minecraft:birch_door":3,"minecraft:dark_oak_planks":12,"minecraft:wheat":99},"minecraft:killed_by":{"minecraft:player":1,"minecraft:skeleton":2,"minecraft:zombie":1},"minecraft:killed":{"minecraft:pig":3,"minecraft:sheep":11,"minecraft:zombie":2,"minecraft:chicken":1,"minecraft:cow":2}},"DataVersion":3953}