{"stats":{"minecraft:custom":{"minecraft:mob_kills":51,"minecraft:interact_with_crafting_table":28,"minecraft:leave_game":6,"minecraft:time_since_death":174289,"minecraft:climb_one_cm":1462,"minecraft:sprint_one_cm":360414,"minecraft:walk_one_cm":448498,"minecraft:damage_blocked_by_shield":554,"minecraft:drop":10,"minecraft:talked_to_villager":7,"minecraft:play_time":347895,"minecraft:deaths":8,"minecraft:sneak_time":675,"minecraft:walk_under_water_one_cm":5768,"minecraft:boat_one_cm":78802,"minecraft:jump":1362,"minecraft:walk_on_water_one_cm":19970,"minecraft:total_world_time":347895,"minecraft:interact_with_furnace":20,"minecraft:sleep_in_bed":11,"minecraft:time_since_rest":8364,"minecraft:damage_taken":3038,"minecraft:damage_dealt":6119,"minecraft:fly_one_cm":79148,"minecraft:open_chest":31,"minecraft:crouch_one_cm":1687,"minecraft:fall_one_cm":25901,"minecraft:horse_one_cm":4046},"minecraft:picked_up":{"minecraft:crafting_table":9,"minecraft:coarse_dirt":2,"minecraft:chicken":1,"minecraft:clay_ball":31,"minecraft:brewing_stand":1,"minecraft:brick":3,"minecraft:raw_copper":159,"minecraft:wooden_sword":2,"minecraft:cobbled_deepslate":80,"minecraft:beef":5,"minecraft:light_gray_wool":1,"minecraft:guster_pottery_sherd":1,"minecraft:sugar_cane":17,"minecraft:birch_sapling":6,"minecraft:egg":1,"minecraft:tipped_arrow":6,"minecraft:raw_iron":10,"minecraft:stick":39,"minecraft:sandstone":10,"minecraft:torch":10,"minecraft:porkchop":6,"minecraft:stone_pressure_plate":1,"minecraft:tnt":9,"minecraft:stone_sword":4,"minecraft:arrow":15,"minecraft:rotten_flesh":16,"minecraft:hay_block":137,"minecraft:mutton":23,"minecraft:cobblestone":487,"minecraft:white_wool":14,"minecraft:birch_log":25,"minecraft:feather":1,"minecraft:andesite":28,"minecraft:cut_sandstone":44,"minecraft:leather":12,"minecraft:birch_planks":28,"minecraft:lily_pad":49,"minecraft:yellow_bed":3,"minecraft:dirt":54,"minecraft:bone":26,"minecraft:bow":1,"minecraft:rabbit_hide":2,"minecraft:stone_pickaxe":4,"minecraft:iron_ingot":3,"minecraft:rabbit":5,"minecraft:cooked_porkchop":1,"minecraft:birch_boat":7,"minecraft:chiseled_sandstone":4,"minecraft:dark_oak_log":4,"minecraft:spider_eye":1,"minecraft:stone_axe":3,"minecraft:granite":8,"minecraft:bread":101,"minecraft:coal":148},"minecraft:killed_by":{"minecraft:player":1,"minecraft:stray":3,"minecraft:skeleton":2,"minecraft:zombie":1},"minecraft:killed":{"minecraft:spider":1,"minecraft:skeleton":3,"minecraft:chicken":1,"minecraft:husk":1,"minecraft:pig":4,"minecraft:rabbit":10,"minecraft:sheep":12,"minecraft:trader_llama":2,"minecraft:zombie":8,"minecraft:stray":4,"minecraft:breeze":1,"minecraft:cow":2},"minecraft:mined":{"minecraft:stone_pressure_plate":1,"minecraft:dark_oak_leaves":3,"minecraft:brewing_stand":1,"minecraft:granite":2,"minecraft:grass_block":13,"minecraft:decorated_pot":1,"minecraft:sandstone":10,"minecraft:hay_block":68,"minecraft:iron_ore":10,"minecraft:chiseled_sandstone":8,"minecraft:andesite":7,"minecraft:stone":210,"minecraft:cut_sandstone":44,"minecraft:crafting_table":6,"minecraft:short_grass":5,"minecraft:dead_bush":9,"minecraft:copper_ore":14,"minecraft:sugar_cane":5,"minecraft:wall_torch":4,"minecraft:coarse_dirt":2,"minecraft:birch_log":8,"minecraft:birch_leaves":5,"minecraft:tnt":9,"minecraft:yellow_bed":3,"minecraft:coal_ore":50,"minecraft:dirt":14,"minecraft:oak_leaves":3,"minecraft:deepslate":20},"minecraft:broken":{"minecraft:stone_pickaxe":1},"minecraft:used":{"minecraft:stone_sword":129,"minecraft:shield":16,"minecraft:iron_chestplate":1,"minecraft:torch":8,"minecraft:dirt":36,"minecraft:milk_bucket":1,"minecraft:birch_door":3,"minecraft:wooden_axe":4,"minecraft:birch_sapling":6,"minecraft:iron_helmet":1,"minecraft:iron_boots":1,"minecraft:bow":10,"minecraft:beef":1,"minecraft:furnace":1,"minecraft:stone_pressure_plate":1,"minecraft:cooked_beef":1,"minecraft:warped_fungus_on_a_stick":44,"minecraft:stone_pickaxe":339,"minecraft:wooden_pickaxe":44,"minecraft:birch_boat":4,"minecraft:sandstone":10,"minecraft:crafting_table":8,"minecraft:white_bed":1,"minecraft:chiseled_sandstone":4,"minecraft:chicken":1,"minecraft:bread":20,"minecraft:iron_pickaxe":10,"minecraft:stone_axe":5,"minecraft:wooden_sword":45,"minecraft:cobblestone":11,"minecraft:porkchop":1,"minecraft:cooked_porkchop":3,"minecraft:yellow_bed":2,"minecraft:coarse_dirt":2},"minecraft:dropped":{"minecraft:warped_fungus_on_a_stick":2,"minecraft:torch":1,"minecraft:rotten_flesh":11,"minecraft:hay_block":25},"minecraft:crafted":{"minecraft:wooden_sword":1,"minecraft:birch_boat":1,"minecraft:furnace":1,"minecraft:cooked_mutton":10,"minecraft:iron_boots":1,"minecraft:stone_pickaxe":2,"minecraft:chest":1,"minecraft:birch_door":3,"minecraft:dark_oak_planks":12,"minecraft:wheat":99,"minecraft:cooked_beef":1,"minecraft:cooked_porkchop":4,"minecraft:crafting_table":2,"minecraft:wooden_pickaxe":1,"minecraft:iron_helmet":1,"minecraft:bucket":1,"minecraft:birch_planks":100,"minecraft:bread":33,"minecraft:shield":1,"minecraft:warped_fungus_on_a_stick":1,"minecraft:stick":8,"minecraft:iron_ingot":20,"minecraft:iron_pickaxe":1,"minecraft:wooden_axe":1,"minecraft:stone_sword":1,"minecraft:iron_leggings":1,"minecraft:white_bed":1,"minecraft:torch":4}},"DataVersion":3953}