{"stats":{"minecraft:mined":{"minecraft:birch_log":5,"minecraft:birch_leaves":1,"minecraft:dark_oak_leaves":3},"minecraft:picked_up":{"minecraft:birch_log":5},"minecraft:crafted":{"minecraft:birch_planks":20},"minecraft:custom":{"minecraft:jump":4,"minecraft:time_since_rest":1844,"minecraft:leave_game":1,"minecraft:sprint_one_cm":1033,"minecraft:play_time":1844,"minecraft:time_since_death":1844,"minecraft:walk_one_cm":4553,"minecraft:total_world_time":1844,"minecraft:fall_one_cm":1014,"minecraft:fly_one_cm":423}},"DataVersion":3953}