{"stats":{"minecraft:mined":{"minecraft:dark_oak_leaves":3,"minecraft:crafting_table":5,"minecraft:granite":2,"minecraft:short_grass":5,"minecraft:grass_block":13,"minecraft:decorated_pot":1,"minecraft:copper_ore":14,"minecraft:sugar_cane":3,"minecraft:wall_torch":3,"minecraft:hay_block":34,"minecraft:birch_log":8,"minecraft:iron_ore":10,"minecraft:andesite":7,"minecraft:birch_leaves":5,"minecraft:coal_ore":50,"minecraft:dirt":11,"minecraft:stone":201,"minecraft:deepslate":20},"minecraft:killed":{"minecraft:pig":4,"minecraft:sheep":11,"minecraft:trader_llama":2,"minecraft:zombie":6,"minecraft:chicken":1,"minecraft:stray":4,"minecraft:breeze":1,"minecraft:cow":2},"minecraft:picked_up":{"minecraft:birch_log":25,"minecraft:crafting_table":8,"minecraft:feather":1,"minecraft:chicken":1,"minecraft:clay_ball":31,"minecraft:andesite":28,"minecraft:leather":12,"minecraft:birch_planks":28,"minecraft:lily_pad":49,"minecraft:brick":3,"minecraft:dirt":51,"minecraft:raw_copper":159,"minecraft:wooden_sword":2,"minecraft:bone":21,"minecraft:cobbled_deepslate":80,"minecraft:iron_ingot":2,"minecraft:stone_pickaxe":4,"minecraft:beef":5,"minecraft:light_gray_wool":1,"minecraft:guster_pottery_sherd":1,"minecraft:sugar_cane":14,"minecraft:birch_sapling":6,"minecraft:egg":1,"minecraft:tipped_arrow":6,"minecraft:stick":30,"minecraft:raw_iron":10,"minecraft:cooked_porkchop":1,"minecraft:birch_boat":7,"minecraft:torch":9,"minecraft:porkchop":6,"minecraft:dark_oak_log":4,"minecraft:arrow":11,"minecraft:stone_sword":4,"minecraft:rotten_flesh":11,"minecraft:stone_axe":3,"minecraft:hay_block":103,"minecraft:granite":8,"minecraft:bread":78,"minecraft:mutton":22,"minecraft:coal":148,"minecraft:cobblestone":478,"minecraft:white_wool":13},"minecraft:crafted":{"minecraft:cooked_beef":1,"minecraft:wooden_sword":1,"minecraft:cooked_porkchop":4,"minecraft:crafting_table":2,"minecraft:wooden_pickaxe":1,"minecraft:birch_boat":1,"minecraft:iron_helmet":1,"minecraft:furnace":1,"minecraft:birch_planks":100,"minecraft:cooked_mutton":10,"minecraft:bread":33,"minecraft:iron_boots":1,"minecraft:warped_fungus_on_a_stick":1,"minecraft:stick":8,"minecraft:iron_ingot":10,"minecraft:iron_pickaxe":1,"minecraft:stone_pickaxe":2,"minecraft:wooden_axe":1,"minecraft:stone_sword":1,"minecraft:chest":1,"minecraft:white_bed":1,"minecraft:birch_door":3,"minecraft:dark_oak_planks":12,"minecraft:torch":4,"minecraft:wheat":99},"minecraft:used":{"minecraft:stone_sword":76,"minecraft:warped_fungus_on_a_stick":44,"minecraft:stone_pickaxe":265,"minecraft:wooden_pickaxe":44,"minecraft:birch_boat":4,"minecraft:torch":6,"minecraft:dirt":33,"minecraft:crafting_table":6,"minecraft:white_bed":1,"minecraft:birch_door":3,"minecraft:wooden_axe":4,"minecraft:bread":9,"minecraft:chicken":1,"minecraft:birch_sapling":6,"minecraft:iron_helmet":1,"minecraft:iron_boots":1,"minecraft:stone_axe":4,"minecraft:wooden_sword":45,"minecraft:cobblestone":11,"minecraft:beef":1,"minecraft:porkchop":1,"minecraft:furnace":1,"minecraft:cooked_porkchop":3},"minecraft:custom":{"minecraft:interact_with_furnace":14,"minecraft:mob_kills":31,"minecraft:interact_with_crafting_table":20,"minecraft:leave_game":4,"minecraft:time_since_death":30183,"minecraft:sleep_in_bed":7,"minecraft:climb_one_cm":1310,"minecraft:time_since_rest":18012,"minecraft:sprint_one_cm":191337,"minecraft:damage_taken":2654,"minecraft:walk_one_cm":283782,"minecraft:drop":8,"minecraft:damage_dealt":4471,"minecraft:talked_to_villager":3,"minecraft:fly_one_cm":49601,"minecraft:open_chest":15,"minecraft:crouch_one_cm":73,"minecraft:play_time":203789,"minecraft:deaths":8,"minecraft:sneak_time":236,"minecraft:walk_under_water_one_cm":5313,"minecraft:boat_one_cm":78802,"minecraft:jump":1015,"minecraft:walk_on_water_one_cm":19066,"minecraft:total_world_time":203789,"minecraft:fall_one_cm":22692},"minecraft:broken":{"minecraft:stone_pickaxe":1},"minecraft:killed_by":{"minecraft:player":1,"minecraft:skeleton":2,"minecraft:stray":3,"minecraft:zombie":1},"minecraft:dropped":{"minecraft:warped_fungus_on_a_stick":2,"minecraft:rotten_flesh":6,"minecraft:torch":1}},"DataVersion":3953}