{"stats":{"minecraft:broken":{"minecraft:stone_pickaxe":1,"minecraft:iron_axe":1,"minecraft:stone_axe":1},"minecraft:picked_up":{"minecraft:coarse_dirt":2,"minecraft:crafting_table":9,"minecraft:chicken":1,"minecraft:clay_ball":31,"minecraft:brewing_stand":1,"minecraft:brick":3,"minecraft:raw_copper":159,"minecraft:wooden_sword":2,"minecraft:cobbled_deepslate":80,"minecraft:beef":5,"minecraft:azalea":1,"minecraft:light_gray_wool":1,"minecraft:guster_pottery_sherd":1,"minecraft:sugar_cane":17,"minecraft:birch_sapling":18,"minecraft:iron_boots":1,"minecraft:egg":1,"minecraft:dark_oak_sapling":20,"minecraft:tipped_arrow":6,"minecraft:stick":69,"minecraft:raw_iron":10,"minecraft:sandstone":10,"minecraft:torch":10,"minecraft:porkchop":6,"minecraft:stone_pressure_plate":1,"minecraft:tnt":9,"minecraft:stone_sword":4,"minecraft:arrow":16,"minecraft:rotten_flesh":20,"minecraft:hay_block":137,"minecraft:mutton":23,"minecraft:cobblestone":487,"minecraft:white_wool":14,"minecraft:birch_log":49,"minecraft:stripped_oak_log":1,"minecraft:feather":1,"minecraft:andesite":28,"minecraft:leather":12,"minecraft:cut_sandstone":44,"minecraft:birch_planks":28,"minecraft:oak_log":101,"minecraft:lily_pad":49,"minecraft:yellow_bed":3,"minecraft:stripped_birch_log":27,"minecraft:dirt":79,"minecraft:bone":58,"minecraft:apple":6,"minecraft:bow":1,"minecraft:wheat_seeds":1,"minecraft:rabbit_hide":2,"minecraft:stone_pickaxe":4,"minecraft:iron_ingot":6,"minecraft:rabbit":5,"minecraft:cooked_porkchop":1,"minecraft:birch_boat":7,"minecraft:dark_oak_log":183,"minecraft:chiseled_sandstone":4,"minecraft:spider_eye":1,"minecraft:stone_axe":3,"minecraft:granite":8,"minecraft:bread":101,"minecraft:oak_sapling":27,"minecraft:coal":148},"minecraft:killed_by":{"minecraft:player":1,"minecraft:stray":3,"minecraft:skeleton":2,"minecraft:zombie":1},"minecraft:custom":{"minecraft:mob_kills":55,"minecraft:interact_with_crafting_table":55,"minecraft:leave_game":7,"minecraft:time_since_death":452818,"minecraft:climb_one_cm":1462,"minecraft:sprint_one_cm":424630,"minecraft:walk_one_cm":564186,"minecraft:damage_blocked_by_shield":899,"minecraft:drop":14,"minecraft:talked_to_villager":7,"minecraft:play_time":626424,"minecraft:deaths":8,"minecraft:sneak_time":1184,"minecraft:walk_under_water_one_cm":5768,"minecraft:boat_one_cm":78802,"minecraft:jump":1538,"minecraft:walk_on_water_one_cm":19970,"minecraft:total_world_time":626424,"minecraft:interact_with_furnace":20,"minecraft:sleep_in_bed":15,"minecraft:time_since_rest":215342,"minecraft:damage_taken":3192,"minecraft:damage_dealt":6800,"minecraft:fly_one_cm":85049,"minecraft:open_chest":75,"minecraft:crouch_one_cm":1744,"minecraft:fall_one_cm":26803,"minecraft:horse_one_cm":4046},"minecraft:crafted":{"minecraft:wooden_sword":1,"minecraft:oak_door":3,"minecraft:oak_planks":404,"minecraft:fishing_rod":1,"minecraft:birch_boat":1,"minecraft:furnace":1,"minecraft:dark_oak_trapdoor":8,"minecraft:bone_meal":93,"minecraft:cooked_mutton":10,"minecraft:dark_oak_door":3,"minecraft:dark_oak_fence":24,"minecraft:iron_boots":1,"minecraft:iron_axe":1,"minecraft:ladder":12,"minecraft:stone_pickaxe":2,"minecraft:chest":2,"minecraft:birch_door":3,"minecraft:dark_oak_planks":400,"minecraft:wheat":99,"minecraft:cooked_beef":1,"minecraft:oak_slab":6,"minecraft:cooked_porkchop":4,"minecraft:dark_oak_stairs":36,"minecraft:crafting_table":2,"minecraft:wooden_pickaxe":1,"minecraft:iron_helmet":1,"minecraft:bucket":1,"minecraft:birch_planks":196,"minecraft:bread":33,"minecraft:dark_oak_slab":192,"minecraft:shield":1,"minecraft:warped_fungus_on_a_stick":1,"minecraft:stick":180,"minecraft:iron_ingot":20,"minecraft:iron_pickaxe":1,"minecraft:wooden_axe":2,"minecraft:oak_stairs":92,"minecraft:stone_sword":1,"minecraft:iron_leggings":1,"minecraft:white_bed":1,"minecraft:torch":4,"minecraft:birch_stairs":32},"minecraft:killed":{"minecraft:spider":1,"minecraft:skeleton":4,"minecraft:chicken":1,"minecraft:husk":1,"minecraft:pig":4,"minecraft:rabbit":10,"minecraft:sheep":12,"minecraft:trader_llama":2,"minecraft:zombie":11,"minecraft:stray":4,"minecraft:breeze":1,"minecraft:cow":2},"minecraft:dropped":{"minecraft:warped_fungus_on_a_stick":2,"minecraft:apple":1,"minecraft:torch":1,"minecraft:rotten_flesh":15,"minecraft:hay_block":25},"minecraft:mined":{"minecraft:stone_pressure_plate":1,"minecraft:dark_oak_leaves":5,"minecraft:dark_oak_log":18,"minecraft:stripped_birch_log":27,"minecraft:brewing_stand":1,"minecraft:granite":2,"minecraft:grass_block":22,"minecraft:decorated_pot":1,"minecraft:sandstone":10,"minecraft:hay_block":68,"minecraft:iron_ore":10,"minecraft:chiseled_sandstone":8,"minecraft:andesite":7,"minecraft:stripped_oak_log":1,"minecraft:stone":210,"minecraft:cut_sandstone":44,"minecraft:crafting_table":6,"minecraft:short_grass":11,"minecraft:dead_bush":9,"minecraft:copper_ore":14,"minecraft:sugar_cane":5,"minecraft:wall_torch":4,"minecraft:coarse_dirt":2,"minecraft:birch_log":13,"minecraft:birch_leaves":7,"minecraft:tnt":9,"minecraft:yellow_bed":3,"minecraft:oak_log":39,"minecraft:coal_ore":50,"minecraft:dirt":14,"minecraft:oak_leaves":4,"minecraft:deepslate":20},"minecraft:used":{"minecraft:azalea":1,"minecraft:stone_sword":145,"minecraft:chest":1,"minecraft:shield":29,"minecraft:iron_chestplate":1,"minecraft:torch":8,"minecraft:dirt":61,"minecraft:milk_bucket":1,"minecraft:birch_door":3,"minecraft:wooden_axe":9,"minecraft:iron_axe":91,"minecraft:birch_sapling":13,"minecraft:iron_helmet":1,"minecraft:iron_boots":1,"minecraft:bow":10,"minecraft:beef":1,"minecraft:oak_sapling":13,"minecraft:furnace":1,"minecraft:stone_pressure_plate":1,"minecraft:cooked_beef":1,"minecraft:dark_oak_sapling":4,"minecraft:warped_fungus_on_a_stick":44,"minecraft:stone_pickaxe":339,"minecraft:wooden_pickaxe":44,"minecraft:birch_boat":4,"minecraft:sandstone":10,"minecraft:crafting_table":8,"minecraft:white_bed":1,"minecraft:apple":5,"minecraft:chiseled_sandstone":4,"minecraft:bread":20,"minecraft:chicken":1,"minecraft:iron_pickaxe":10,"minecraft:stone_axe":20,"minecraft:wooden_sword":45,"minecraft:cobblestone":11,"minecraft:porkchop":1,"minecraft:cooked_porkchop":3,"minecraft:yellow_bed":3,"minecraft:coarse_dirt":2,"minecraft:bone_meal":75}},"DataVersion":3953}