{"stats":{"minecraft:mined":{"minecraft:dark_oak_leaves":3,"minecraft:crafting_table":4,"minecraft:short_grass":5,"minecraft:grass_block":13,"minecraft:copper_ore":11,"minecraft:sugar_cane":3,"minecraft:wall_torch":2,"minecraft:hay_block":34,"minecraft:birch_log":8,"minecraft:iron_ore":10,"minecraft:andesite":7,"minecraft:birch_leaves":5,"minecraft:coal_ore":50,"minecraft:dirt":11,"minecraft:stone":134},"minecraft:killed":{"minecraft:pig":4,"minecraft:sheep":11,"minecraft:trader_llama":2,"minecraft:zombie":3,"minecraft:chicken":1,"minecraft:cow":2},"minecraft:picked_up":{"minecraft:birch_log":25,"minecraft:crafting_table":4,"minecraft:feather":1,"minecraft:chicken":1,"minecraft:clay_ball":31,"minecraft:andesite":7,"minecraft:leather":6,"minecraft:birch_planks":28,"minecraft:lily_pad":13,"minecraft:dirt":45,"minecraft:raw_copper":38,"minecraft:wooden_sword":2,"minecraft:stone_pickaxe":1,"minecraft:beef":5,"minecraft:light_gray_wool":1,"minecraft:sugar_cane":5,"minecraft:birch_sapling":6,"minecraft:egg":1,"minecraft:stick":27,"minecraft:raw_iron":10,"minecraft:cooked_porkchop":1,"minecraft:birch_boat":4,"minecraft:torch":3,"minecraft:porkchop":5,"minecraft:dark_oak_log":4,"minecraft:stone_sword":1,"minecraft:rotten_flesh":7,"minecraft:hay_block":34,"minecraft:mutton":22,"minecraft:coal":49,"minecraft:cobblestone":129,"minecraft:white_wool":13},"minecraft:crafted":{"minecraft:cooked_beef":1,"minecraft:wooden_sword":1,"minecraft:cooked_porkchop":4,"minecraft:crafting_table":2,"minecraft:wooden_pickaxe":1,"minecraft:birch_boat":1,"minecraft:furnace":1,"minecraft:birch_planks":100,"minecraft:cooked_mutton":10,"minecraft:bread":33,"minecraft:warped_fungus_on_a_stick":1,"minecraft:stick":8,"minecraft:stone_pickaxe":1,"minecraft:wooden_axe":1,"minecraft:stone_sword":1,"minecraft:chest":1,"minecraft:white_bed":1,"minecraft:birch_door":3,"minecraft:dark_oak_planks":12,"minecraft:wheat":99},"minecraft:used":{"minecraft:stone_sword":40,"minecraft:warped_fungus_on_a_stick":44,"minecraft:stone_pickaxe":173,"minecraft:wooden_pickaxe":44,"minecraft:birch_boat":4,"minecraft:torch":3,"minecraft:dirt":33,"minecraft:crafting_table":5,"minecraft:white_bed":1,"minecraft:birch_door":3,"minecraft:wooden_axe":4,"minecraft:bread":6,"minecraft:chicken":1,"minecraft:birch_sapling":6,"minecraft:stone_axe":3,"minecraft:wooden_sword":45,"minecraft:cobblestone":11,"minecraft:beef":1,"minecraft:furnace":1,"minecraft:cooked_porkchop":3},"minecraft:custom":{"minecraft:interact_with_furnace":8,"minecraft:mob_kills":23,"minecraft:interact_with_crafting_table":14,"minecraft:leave_game":4,"minecraft:time_since_death":81863,"minecraft:sleep_in_bed":6,"minecraft:climb_one_cm":1310,"minecraft:time_since_rest":14995,"minecraft:sprint_one_cm":185559,"minecraft:damage_taken":1684,"minecraft:walk_one_cm":247404,"minecraft:drop":7,"minecraft:damage_dealt":2986,"minecraft:talked_to_villager":3,"minecraft:fly_one_cm":47538,"minecraft:open_chest":6,"minecraft:crouch_one_cm":3,"minecraft:play_time":161789,"minecraft:deaths":5,"minecraft:sneak_time":211,"minecraft:walk_under_water_one_cm":5313,"minecraft:boat_one_cm":78802,"minecraft:jump":992,"minecraft:walk_on_water_one_cm":19066,"minecraft:total_world_time":161789,"minecraft:fall_one_cm":21337},"minecraft:killed_by":{"minecraft:player":1,"minecraft:skeleton":2,"minecraft:zombie":1},"minecraft:dropped":{"minecraft:warped_fungus_on_a_stick":2,"minecraft:rotten_flesh":4,"minecraft:torch":1}},"DataVersion":3953}