{"stats":{"minecraft:broken":{"minecraft:stone_axe":2,"minecraft:wooden_pickaxe":1},"minecraft:picked_up":{"minecraft:wooden_axe":1,"minecraft:dark_oak_sapling":12,"minecraft:stick":22,"minecraft:sand":39,"minecraft:dark_oak_log":155,"minecraft:stripped_birch_log":31,"minecraft:dirt":71,"minecraft:dark_oak_planks":43,"minecraft:rotten_flesh":1,"minecraft:apple":2,"minecraft:stone_axe":2,"minecraft:oak_sapling":2,"minecraft:chest":1,"minecraft:coal":15,"minecraft:cobblestone":85},"minecraft:custom":{"minecraft:time_since_rest":43035,"minecraft:interact_with_furnace":2,"minecraft:sprint_one_cm":19998,"minecraft:damage_taken":150,"minecraft:walk_one_cm":57383,"minecraft:mob_kills":2,"minecraft:damage_dealt":503,"minecraft:interact_with_crafting_table":7,"minecraft:fly_one_cm":7980,"minecraft:open_chest":11,"minecraft:crouch_one_cm":6562,"minecraft:play_time":43035,"minecraft:sneak_time":3024,"minecraft:jump":171,"minecraft:walk_on_water_one_cm":3307,"minecraft:leave_game":1,"minecraft:time_since_death":43035,"minecraft:total_world_time":43035,"minecraft:fall_one_cm":2477},"minecraft:crafted":{"minecraft:stone_shovel":2,"minecraft:crafting_table":2,"minecraft:stick":48,"minecraft:wooden_pickaxe":1,"minecraft:stone_pickaxe":1,"minecraft:wooden_axe":1,"minecraft:stone_sword":2,"minecraft:chest":1,"minecraft:furnace":1,"minecraft:dark_oak_planks":100,"minecraft:torch":32,"minecraft:stone_hoe":1,"minecraft:stone_axe":5},"minecraft:killed":{"minecraft:zombie":2},"minecraft:mined":{"minecraft:dark_oak_leaves":1,"minecraft:birch_log":1,"minecraft:stripped_birch_log":34,"minecraft:dark_oak_log":65,"minecraft:short_grass":1,"minecraft:coal_ore":15,"minecraft:grass_block":20,"minecraft:chest":1,"minecraft:sand":42,"minecraft:dirt":20,"minecraft:red_mushroom_block":2,"minecraft:stone":83,"minecraft:oak_leaves":4},"minecraft:used":{"minecraft:dark_oak_planks":7,"minecraft:wooden_axe":18,"minecraft:apple":1,"minecraft:stone_sword":1,"minecraft:dark_oak_log":2,"minecraft:stone_shovel":45,"minecraft:stone_pickaxe":39,"minecraft:chest":1,"minecraft:wooden_pickaxe":59,"minecraft:stone_axe":118,"minecraft:torch":4,"minecraft:dirt":3,"minecraft:crafting_table":2,"minecraft:furnace":1,"minecraft:oak_sapling":1}},"DataVersion":3953}