{"stats":{"minecraft:broken":{"minecraft:stone_pickaxe":1,"minecraft:stone_axe":2,"minecraft:stone_shovel":3,"minecraft:wooden_pickaxe":1},"minecraft:picked_up":{"minecraft:wooden_axe":4,"minecraft:birch_log":6,"minecraft:crafting_table":1,"minecraft:feather":2,"minecraft:lilac":28,"minecraft:chicken":1,"minecraft:leather":4,"minecraft:dirt":585,"minecraft:stripped_birch_log":110,"minecraft:raw_copper":16,"minecraft:apple":2,"minecraft:beef":2,"minecraft:stone_pickaxe":1,"minecraft:chest":2,"minecraft:birch_sapling":12,"minecraft:stone_hoe":1,"minecraft:furnace":1,"minecraft:dark_oak_sapling":54,"minecraft:stick":53,"minecraft:cooked_porkchop":19,"minecraft:torch":28,"minecraft:dandelion":4,"minecraft:porkchop":58,"minecraft:sand":141,"minecraft:dark_oak_log":330,"minecraft:dark_oak_planks":90,"minecraft:stone_sword":4,"minecraft:stone_shovel":3,"minecraft:rotten_flesh":3,"minecraft:stone_axe":5,"minecraft:peony":46,"minecraft:oak_sapling":7,"minecraft:stripped_dark_oak_log":10,"minecraft:coal":26,"minecraft:cobblestone":238},"minecraft:killed_by":{"minecraft:skeleton":1,"minecraft:zombie":2},"minecraft:custom":{"minecraft:interact_with_furnace":10,"minecraft:mob_kills":21,"minecraft:interact_with_crafting_table":18,"minecraft:leave_game":2,"minecraft:time_since_death":27869,"minecraft:time_since_rest":27901,"minecraft:sprint_one_cm":172145,"minecraft:damage_taken":1320,"minecraft:walk_one_cm":243363,"minecraft:drop":3,"minecraft:damage_dealt":2835,"minecraft:swim_one_cm":2237,"minecraft:fly_one_cm":129601,"minecraft:open_chest":30,"minecraft:crouch_one_cm":37711,"minecraft:play_time":106675,"minecraft:deaths":4,"minecraft:sneak_time":10414,"minecraft:walk_under_water_one_cm":4102,"minecraft:jump":1112,"minecraft:walk_on_water_one_cm":9297,"minecraft:total_world_time":106675,"minecraft:fall_one_cm":27002},"minecraft:crafted":{"minecraft:stone_shovel":3,"minecraft:cooked_porkchop":16,"minecraft:dark_oak_stairs":52,"minecraft:crafting_table":2,"minecraft:wooden_pickaxe":1,"minecraft:furnace":1,"minecraft:stone_axe":5,"minecraft:air":0,"minecraft:glass":39,"minecraft:dark_oak_fence":3,"minecraft:dark_oak_slab":84,"minecraft:stick":52,"minecraft:stone_pickaxe":2,"minecraft:wooden_axe":1,"minecraft:stone_sword":2,"minecraft:chest":1,"minecraft:dark_oak_planks":380,"minecraft:torch":32,"minecraft:stone_hoe":1},"minecraft:dropped":{"minecraft:cooked_porkchop":3},"minecraft:killed":{"minecraft:pig":11,"minecraft:horse":1,"minecraft:zombie":5,"minecraft:bee":2,"minecraft:chicken":1,"minecraft:cow":1},"minecraft:mined":{"minecraft:dark_oak_leaves":17,"minecraft:stripped_dark_oak_log":12,"minecraft:dark_oak_log":68,"minecraft:stripped_birch_log":55,"minecraft:dandelion":3,"minecraft:crafting_table":1,"minecraft:short_grass":10,"minecraft:grass_block":153,"minecraft:chest":2,"minecraft:cobblestone":1,"minecraft:copper_ore":4,"minecraft:diorite":1,"minecraft:furnace":1,"minecraft:birch_log":1,"minecraft:lilac":14,"minecraft:bee_nest":1,"minecraft:peony":24,"minecraft:coal_ore":26,"minecraft:dirt_path":1,"minecraft:sand":98,"minecraft:dirt":289,"minecraft:red_mushroom_block":6,"minecraft:stone":199,"minecraft:oak_leaves":10},"minecraft:used":{"minecraft:stone_sword":90,"minecraft:stone_pickaxe":182,"minecraft:stone_shovel":396,"minecraft:chest":3,"minecraft:wooden_pickaxe":59,"minecraft:torch":16,"minecraft:dirt":318,"minecraft:stripped_dark_oak_log":6,"minecraft:crafting_table":3,"minecraft:wooden_axe":37,"minecraft:dark_oak_planks":23,"minecraft:apple":2,"minecraft:dark_oak_log":2,"minecraft:stone_axe":193,"minecraft:cobblestone":2,"minecraft:beef":2,"minecraft:cooked_porkchop":2,"minecraft:oak_sapling":1,"minecraft:furnace":2,"minecraft:porkchop":2}},"DataVersion":3953}