{"stats":{"minecraft:broken":{"minecraft:stone_axe":1,"minecraft:wooden_pickaxe":1},"minecraft:picked_up":{"minecraft:dark_oak_sapling":12,"minecraft:stick":6,"minecraft:dark_oak_log":140,"minecraft:dirt":35,"minecraft:apple":2,"minecraft:oak_sapling":1,"minecraft:coal":15,"minecraft:cobblestone":57},"minecraft:custom":{"minecraft:time_since_rest":31035,"minecraft:sprint_one_cm":6913,"minecraft:damage_taken":125,"minecraft:walk_one_cm":37804,"minecraft:mob_kills":1,"minecraft:damage_dealt":443,"minecraft:interact_with_crafting_table":5,"minecraft:fly_one_cm":2360,"minecraft:open_chest":8,"minecraft:crouch_one_cm":6149,"minecraft:play_time":31035,"minecraft:sneak_time":2932,"minecraft:jump":93,"minecraft:leave_game":1,"minecraft:time_since_death":31035,"minecraft:total_world_time":31035,"minecraft:fall_one_cm":1372},"minecraft:crafted":{"minecraft:stone_shovel":2,"minecraft:crafting_table":1,"minecraft:stick":48,"minecraft:wooden_pickaxe":1,"minecraft:stone_pickaxe":1,"minecraft:wooden_axe":1,"minecraft:stone_sword":2,"minecraft:chest":1,"minecraft:dark_oak_planks":92,"minecraft:torch":32,"minecraft:stone_hoe":1,"minecraft:stone_axe":5},"minecraft:killed":{"minecraft:zombie":1},"minecraft:mined":{"minecraft:dark_oak_leaves":1,"minecraft:dark_oak_log":62,"minecraft:short_grass":1,"minecraft:coal_ore":15,"minecraft:grass_block":17,"minecraft:dirt":20,"minecraft:red_mushroom_block":2,"minecraft:stone":73,"minecraft:oak_leaves":1},"minecraft:used":{"minecraft:dark_oak_planks":7,"minecraft:wooden_axe":18,"minecraft:dark_oak_log":2,"minecraft:stone_pickaxe":29,"minecraft:chest":1,"minecraft:wooden_pickaxe":59,"minecraft:stone_axe":40,"minecraft:torch":1,"minecraft:dirt":1,"minecraft:crafting_table":1,"minecraft:oak_sapling":1}},"DataVersion":3953}