{"stats":{"minecraft:picked_up":{"minecraft:coal":12,"minecraft:dark_oak_log":23,"minecraft:dirt":33,"minecraft:cobblestone":29},"minecraft:custom":{"minecraft:open_chest":2,"minecraft:time_since_rest":13299,"minecraft:crouch_one_cm":3310,"minecraft:play_time":13299,"minecraft:sprint_one_cm":2373,"minecraft:damage_taken":125,"minecraft:walk_one_cm":19476,"minecraft:sneak_time":1798,"minecraft:mob_kills":1,"minecraft:jump":55,"minecraft:damage_dealt":443,"minecraft:leave_game":1,"minecraft:time_since_death":13299,"minecraft:total_world_time":13299,"minecraft:interact_with_crafting_table":2,"minecraft:fall_one_cm":687,"minecraft:fly_one_cm":639},"minecraft:crafted":{"minecraft:chest":1,"minecraft:dark_oak_planks":92,"minecraft:torch":32,"minecraft:crafting_table":1,"minecraft:stick":12,"minecraft:wooden_pickaxe":1,"minecraft:wooden_axe":1},"minecraft:killed":{"minecraft:zombie":1},"minecraft:mined":{"minecraft:short_grass":1,"minecraft:grass_block":17,"minecraft:coal_ore":12,"minecraft:dirt":16,"minecraft:stone":29,"minecraft:red_mushroom_block":2,"minecraft:dark_oak_log":23},"minecraft:used":{"minecraft:torch":1,"minecraft:dark_oak_planks":7,"minecraft:wooden_axe":18,"minecraft:crafting_table":1,"minecraft:chest":1,"minecraft:wooden_pickaxe":41}},"DataVersion":3953}