{"stats":{"minecraft:broken":{"minecraft:stone_axe":2,"minecraft:wooden_pickaxe":1},"minecraft:picked_up":{"minecraft:wooden_axe":2,"minecraft:birch_log":6,"minecraft:crafting_table":1,"minecraft:feather":2,"minecraft:lilac":28,"minecraft:chicken":1,"minecraft:dirt":236,"minecraft:stripped_birch_log":110,"minecraft:apple":2,"minecraft:stone_pickaxe":1,"minecraft:chest":2,"minecraft:birch_sapling":8,"minecraft:stone_hoe":1,"minecraft:furnace":1,"minecraft:dark_oak_sapling":24,"minecraft:stick":50,"minecraft:torch":28,"minecraft:porkchop":50,"minecraft:sand":141,"minecraft:dark_oak_log":283,"minecraft:dark_oak_planks":90,"minecraft:stone_sword":2,"minecraft:stone_shovel":2,"minecraft:rotten_flesh":3,"minecraft:stone_axe":5,"minecraft:peony":46,"minecraft:oak_sapling":3,"minecraft:coal":15,"minecraft:cobblestone":128},"minecraft:killed_by":{"minecraft:zombie":2},"minecraft:custom":{"minecraft:interact_with_furnace":6,"minecraft:mob_kills":18,"minecraft:interact_with_crafting_table":8,"minecraft:leave_game":1,"minecraft:time_since_death":11537,"minecraft:time_since_rest":11561,"minecraft:sprint_one_cm":92561,"minecraft:damage_taken":725,"minecraft:walk_one_cm":139469,"minecraft:damage_dealt":2349,"minecraft:swim_one_cm":587,"minecraft:fly_one_cm":53900,"minecraft:open_chest":17,"minecraft:crouch_one_cm":18993,"minecraft:play_time":67035,"minecraft:deaths":2,"minecraft:sneak_time":6327,"minecraft:walk_under_water_one_cm":3745,"minecraft:jump":546,"minecraft:walk_on_water_one_cm":7485,"minecraft:total_world_time":67035,"minecraft:fall_one_cm":12648},"minecraft:crafted":{"minecraft:stone_shovel":2,"minecraft:crafting_table":2,"minecraft:wooden_pickaxe":1,"minecraft:furnace":1,"minecraft:stone_axe":5,"minecraft:air":0,"minecraft:glass":39,"minecraft:stick":48,"minecraft:stone_pickaxe":1,"minecraft:wooden_axe":1,"minecraft:stone_sword":2,"minecraft:chest":1,"minecraft:dark_oak_planks":100,"minecraft:torch":32,"minecraft:stone_hoe":1},"minecraft:killed":{"minecraft:pig":11,"minecraft:zombie":4,"minecraft:bee":2,"minecraft:chicken":1},"minecraft:mined":{"minecraft:dark_oak_leaves":7,"minecraft:dark_oak_log":65,"minecraft:stripped_birch_log":55,"minecraft:crafting_table":1,"minecraft:short_grass":6,"minecraft:grass_block":64,"minecraft:chest":2,"minecraft:furnace":1,"minecraft:birch_log":1,"minecraft:lilac":14,"minecraft:bee_nest":1,"minecraft:peony":24,"minecraft:coal_ore":15,"minecraft:dirt_path":1,"minecraft:sand":98,"minecraft:dirt":113,"minecraft:red_mushroom_block":4,"minecraft:stone":89,"minecraft:oak_leaves":5},"minecraft:used":{"minecraft:stone_sword":71,"minecraft:stone_pickaxe":53,"minecraft:stone_shovel":171,"minecraft:chest":3,"minecraft:wooden_pickaxe":59,"minecraft:torch":4,"minecraft:dirt":108,"minecraft:crafting_table":3,"minecraft:wooden_axe":18,"minecraft:dark_oak_planks":7,"minecraft:apple":2,"minecraft:dark_oak_log":2,"minecraft:stone_axe":180,"minecraft:cobblestone":2,"minecraft:oak_sapling":1,"minecraft:furnace":2,"minecraft:porkchop":2}},"DataVersion":3953}