{"stats":{"minecraft:picked_up":{"minecraft:dark_oak_log":23,"minecraft:coal":15,"minecraft:dirt":33,"minecraft:cobblestone":44},"minecraft:broken":{"minecraft:wooden_pickaxe":1},"minecraft:custom":{"minecraft:time_since_rest":19035,"minecraft:open_chest":3,"minecraft:crouch_one_cm":4083,"minecraft:play_time":19035,"minecraft:sprint_one_cm":3253,"minecraft:damage_taken":125,"minecraft:walk_one_cm":25464,"minecraft:sneak_time":2218,"minecraft:mob_kills":1,"minecraft:jump":65,"minecraft:damage_dealt":443,"minecraft:leave_game":1,"minecraft:time_since_death":19035,"minecraft:total_world_time":19035,"minecraft:interact_with_crafting_table":2,"minecraft:fall_one_cm":896,"minecraft:fly_one_cm":687},"minecraft:crafted":{"minecraft:chest":1,"minecraft:dark_oak_planks":92,"minecraft:torch":32,"minecraft:crafting_table":1,"minecraft:stick":12,"minecraft:wooden_pickaxe":1,"minecraft:wooden_axe":1},"minecraft:killed":{"minecraft:zombie":1},"minecraft:mined":{"minecraft:short_grass":1,"minecraft:grass_block":17,"minecraft:coal_ore":15,"minecraft:dirt":16,"minecraft:red_mushroom_block":2,"minecraft:dark_oak_log":23,"minecraft:stone":44},"minecraft:used":{"minecraft:wooden_axe":18,"minecraft:dark_oak_planks":7,"minecraft:torch":1,"minecraft:crafting_table":1,"minecraft:chest":1,"minecraft:wooden_pickaxe":59}},"DataVersion":3953}