{"stats":{"minecraft:broken":{"minecraft:stone_pickaxe":1,"minecraft:stone_axe":2,"minecraft:stone_shovel":2,"minecraft:wooden_pickaxe":1},"minecraft:picked_up":{"minecraft:wooden_axe":4,"minecraft:birch_log":6,"minecraft:crafting_table":1,"minecraft:feather":2,"minecraft:lilac":28,"minecraft:chicken":1,"minecraft:dirt":580,"minecraft:stripped_birch_log":110,"minecraft:raw_copper":16,"minecraft:apple":2,"minecraft:stone_pickaxe":1,"minecraft:chest":2,"minecraft:birch_sapling":12,"minecraft:stone_hoe":1,"minecraft:furnace":1,"minecraft:dark_oak_sapling":54,"minecraft:stick":53,"minecraft:cooked_porkchop":19,"minecraft:torch":28,"minecraft:dandelion":4,"minecraft:porkchop":58,"minecraft:sand":141,"minecraft:dark_oak_log":330,"minecraft:dark_oak_planks":90,"minecraft:stone_sword":4,"minecraft:stone_shovel":3,"minecraft:rotten_flesh":3,"minecraft:stone_axe":5,"minecraft:peony":46,"minecraft:oak_sapling":7,"minecraft:stripped_dark_oak_log":10,"minecraft:coal":26,"minecraft:cobblestone":238},"minecraft:killed_by":{"minecraft:skeleton":1,"minecraft:zombie":2},"minecraft:custom":{"minecraft:interact_with_furnace":10,"minecraft:mob_kills":19,"minecraft:interact_with_crafting_table":18,"minecraft:leave_game":1,"minecraft:time_since_death":24229,"minecraft:time_since_rest":24261,"minecraft:sprint_one_cm":166605,"minecraft:damage_taken":1210,"minecraft:walk_one_cm":225716,"minecraft:drop":3,"minecraft:damage_dealt":2471,"minecraft:swim_one_cm":1556,"minecraft:fly_one_cm":124337,"minecraft:open_chest":30,"minecraft:crouch_one_cm":37445,"minecraft:play_time":103035,"minecraft:deaths":4,"minecraft:sneak_time":10290,"minecraft:walk_under_water_one_cm":3767,"minecraft:jump":1072,"minecraft:walk_on_water_one_cm":7932,"minecraft:total_world_time":103035,"minecraft:fall_one_cm":26733},"minecraft:crafted":{"minecraft:stone_shovel":3,"minecraft:cooked_porkchop":16,"minecraft:dark_oak_stairs":52,"minecraft:crafting_table":2,"minecraft:wooden_pickaxe":1,"minecraft:furnace":1,"minecraft:stone_axe":5,"minecraft:air":0,"minecraft:glass":39,"minecraft:dark_oak_fence":3,"minecraft:dark_oak_slab":84,"minecraft:stick":52,"minecraft:stone_pickaxe":2,"minecraft:wooden_axe":1,"minecraft:stone_sword":2,"minecraft:chest":1,"minecraft:dark_oak_planks":380,"minecraft:torch":32,"minecraft:stone_hoe":1},"minecraft:dropped":{"minecraft:cooked_porkchop":3},"minecraft:killed":{"minecraft:pig":11,"minecraft:zombie":5,"minecraft:bee":2,"minecraft:chicken":1},"minecraft:mined":{"minecraft:dark_oak_leaves":17,"minecraft:stripped_dark_oak_log":12,"minecraft:dark_oak_log":68,"minecraft:stripped_birch_log":55,"minecraft:dandelion":3,"minecraft:crafting_table":1,"minecraft:short_grass":8,"minecraft:grass_block":152,"minecraft:chest":2,"minecraft:cobblestone":1,"minecraft:copper_ore":4,"minecraft:diorite":1,"minecraft:furnace":1,"minecraft:birch_log":1,"minecraft:lilac":14,"minecraft:bee_nest":1,"minecraft:peony":24,"minecraft:coal_ore":26,"minecraft:dirt_path":1,"minecraft:sand":98,"minecraft:dirt":285,"minecraft:red_mushroom_block":6,"minecraft:stone":199,"minecraft:oak_leaves":10},"minecraft:used":{"minecraft:stone_sword":78,"minecraft:stone_pickaxe":182,"minecraft:stone_shovel":378,"minecraft:chest":3,"minecraft:wooden_pickaxe":59,"minecraft:torch":16,"minecraft:dirt":302,"minecraft:stripped_dark_oak_log":6,"minecraft:crafting_table":3,"minecraft:wooden_axe":37,"minecraft:dark_oak_planks":23,"minecraft:apple":2,"minecraft:dark_oak_log":2,"minecraft:stone_axe":193,"minecraft:cobblestone":2,"minecraft:cooked_porkchop":2,"minecraft:oak_sapling":1,"minecraft:furnace":2,"minecraft:porkchop":2}},"DataVersion":3953}