{"stats":{"minecraft:picked_up":{"minecraft:dirt":33},"minecraft:custom":{"minecraft:jump":33,"minecraft:time_since_rest":5579,"minecraft:crouch_one_cm":823,"minecraft:sprint_one_cm":2148,"minecraft:play_time":5579,"minecraft:time_since_death":5579,"minecraft:walk_one_cm":11562,"minecraft:sneak_time":220,"minecraft:total_world_time":5579,"minecraft:fall_one_cm":687,"minecraft:fly_one_cm":424},"minecraft:mined":{"minecraft:short_grass":1,"minecraft:dark_oak_log":3,"minecraft:grass_block":17,"minecraft:red_mushroom_block":2,"minecraft:dirt":16}},"DataVersion":3953}