{"stats":{"minecraft:broken":{"minecraft:stone_axe":2,"minecraft:wooden_pickaxe":1},"minecraft:picked_up":{"minecraft:wooden_axe":1,"minecraft:birch_log":3,"minecraft:feather":2,"minecraft:lilac":14,"minecraft:chicken":1,"minecraft:dirt":74,"minecraft:stripped_birch_log":55,"minecraft:apple":2,"minecraft:chest":1,"minecraft:birch_sapling":4,"minecraft:dark_oak_sapling":12,"minecraft:stick":24,"minecraft:porkchop":26,"minecraft:sand":90,"minecraft:dark_oak_log":155,"minecraft:dark_oak_planks":43,"minecraft:rotten_flesh":1,"minecraft:stone_axe":2,"minecraft:peony":23,"minecraft:oak_sapling":2,"minecraft:coal":15,"minecraft:cobblestone":91},"minecraft:killed_by":{"minecraft:zombie":1},"minecraft:custom":{"minecraft:interact_with_furnace":3,"minecraft:mob_kills":16,"minecraft:interact_with_crafting_table":7,"minecraft:leave_game":1,"minecraft:time_since_death":2188,"minecraft:time_since_rest":2307,"minecraft:sprint_one_cm":80111,"minecraft:damage_taken":520,"minecraft:walk_one_cm":103436,"minecraft:damage_dealt":2088,"minecraft:swim_one_cm":587,"minecraft:fly_one_cm":42206,"minecraft:open_chest":13,"minecraft:crouch_one_cm":6597,"minecraft:play_time":55035,"minecraft:deaths":1,"minecraft:sneak_time":3132,"minecraft:walk_under_water_one_cm":3745,"minecraft:jump":394,"minecraft:walk_on_water_one_cm":7485,"minecraft:total_world_time":55035,"minecraft:fall_one_cm":7685},"minecraft:crafted":{"minecraft:stone_shovel":2,"minecraft:crafting_table":2,"minecraft:wooden_pickaxe":1,"minecraft:furnace":1,"minecraft:stone_axe":5,"minecraft:stick":48,"minecraft:stone_pickaxe":1,"minecraft:wooden_axe":1,"minecraft:stone_sword":2,"minecraft:chest":1,"minecraft:dark_oak_planks":100,"minecraft:torch":32,"minecraft:stone_hoe":1},"minecraft:killed":{"minecraft:pig":11,"minecraft:zombie":2,"minecraft:bee":2,"minecraft:chicken":1},"minecraft:mined":{"minecraft:dark_oak_leaves":1,"minecraft:dark_oak_log":65,"minecraft:stripped_birch_log":55,"minecraft:short_grass":5,"minecraft:grass_block":23,"minecraft:chest":1,"minecraft:birch_log":1,"minecraft:lilac":14,"minecraft:bee_nest":1,"minecraft:peony":24,"minecraft:coal_ore":15,"minecraft:sand":98,"minecraft:dirt":20,"minecraft:red_mushroom_block":3,"minecraft:stone":89,"minecraft:oak_leaves":5},"minecraft:used":{"minecraft:stone_sword":70,"minecraft:stone_pickaxe":52,"minecraft:stone_shovel":113,"minecraft:chest":2,"minecraft:wooden_pickaxe":59,"minecraft:torch":4,"minecraft:dirt":3,"minecraft:crafting_table":2,"minecraft:wooden_axe":18,"minecraft:dark_oak_planks":7,"minecraft:apple":2,"minecraft:dark_oak_log":2,"minecraft:stone_axe":173,"minecraft:cobblestone":2,"minecraft:oak_sapling":1,"minecraft:furnace":1,"minecraft:porkchop":2}},"DataVersion":3953}