{"stats":{"minecraft:broken":{"minecraft:stone_pickaxe":1,"minecraft:stone_axe":2,"minecraft:stone_shovel":1,"minecraft:wooden_pickaxe":1},"minecraft:picked_up":{"minecraft:wooden_axe":4,"minecraft:birch_log":6,"minecraft:crafting_table":1,"minecraft:feather":2,"minecraft:lilac":28,"minecraft:chicken":1,"minecraft:dirt":448,"minecraft:stripped_birch_log":110,"minecraft:raw_copper":4,"minecraft:apple":2,"minecraft:stone_pickaxe":1,"minecraft:chest":2,"minecraft:birch_sapling":8,"minecraft:stone_hoe":1,"minecraft:furnace":1,"minecraft:dark_oak_sapling":54,"minecraft:stick":52,"minecraft:cooked_porkchop":19,"minecraft:torch":28,"minecraft:porkchop":58,"minecraft:sand":141,"minecraft:dark_oak_log":329,"minecraft:dark_oak_planks":90,"minecraft:stone_sword":4,"minecraft:stone_shovel":3,"minecraft:rotten_flesh":3,"minecraft:stone_axe":5,"minecraft:peony":46,"minecraft:oak_sapling":7,"minecraft:stripped_dark_oak_log":10,"minecraft:coal":15,"minecraft:cobblestone":195},"minecraft:killed_by":{"minecraft:skeleton":1,"minecraft:zombie":2},"minecraft:custom":{"minecraft:interact_with_furnace":10,"minecraft:mob_kills":19,"minecraft:interact_with_crafting_table":17,"minecraft:leave_game":1,"minecraft:time_since_death":12229,"minecraft:time_since_rest":12261,"minecraft:sprint_one_cm":140587,"minecraft:damage_taken":1200,"minecraft:walk_one_cm":195254,"minecraft:drop":3,"minecraft:damage_dealt":2471,"minecraft:swim_one_cm":1556,"minecraft:fly_one_cm":96677,"minecraft:open_chest":29,"minecraft:crouch_one_cm":34997,"minecraft:play_time":91035,"minecraft:deaths":4,"minecraft:sneak_time":9628,"minecraft:walk_under_water_one_cm":3767,"minecraft:jump":905,"minecraft:walk_on_water_one_cm":7747,"minecraft:total_world_time":91035,"minecraft:fall_one_cm":23325},"minecraft:crafted":{"minecraft:stone_shovel":3,"minecraft:cooked_porkchop":16,"minecraft:dark_oak_stairs":52,"minecraft:crafting_table":2,"minecraft:wooden_pickaxe":1,"minecraft:furnace":1,"minecraft:stone_axe":5,"minecraft:air":0,"minecraft:glass":39,"minecraft:dark_oak_fence":3,"minecraft:dark_oak_slab":84,"minecraft:stick":52,"minecraft:stone_pickaxe":1,"minecraft:wooden_axe":1,"minecraft:stone_sword":2,"minecraft:chest":1,"minecraft:dark_oak_planks":364,"minecraft:torch":32,"minecraft:stone_hoe":1},"minecraft:dropped":{"minecraft:cooked_porkchop":3},"minecraft:killed":{"minecraft:pig":11,"minecraft:zombie":5,"minecraft:bee":2,"minecraft:chicken":1},"minecraft:mined":{"minecraft:dark_oak_leaves":17,"minecraft:stripped_dark_oak_log":12,"minecraft:dark_oak_log":68,"minecraft:stripped_birch_log":55,"minecraft:crafting_table":1,"minecraft:short_grass":7,"minecraft:grass_block":108,"minecraft:chest":2,"minecraft:copper_ore":1,"minecraft:furnace":1,"minecraft:birch_log":1,"minecraft:lilac":14,"minecraft:bee_nest":1,"minecraft:peony":24,"minecraft:coal_ore":15,"minecraft:dirt_path":1,"minecraft:sand":98,"minecraft:dirt":184,"minecraft:red_mushroom_block":6,"minecraft:stone":157,"minecraft:oak_leaves":9},"minecraft:used":{"minecraft:stone_sword":78,"minecraft:stone_pickaxe":124,"minecraft:stone_shovel":244,"minecraft:chest":3,"minecraft:wooden_pickaxe":59,"minecraft:torch":8,"minecraft:dirt":271,"minecraft:crafting_table":3,"minecraft:wooden_axe":37,"minecraft:dark_oak_planks":7,"minecraft:apple":2,"minecraft:dark_oak_log":2,"minecraft:stone_axe":192,"minecraft:cobblestone":2,"minecraft:cooked_porkchop":2,"minecraft:oak_sapling":1,"minecraft:furnace":2,"minecraft:porkchop":2}},"DataVersion":3953}