{
  "jodek:root": {
    "criteria": {
      "tick": "2024-07-07 11:31:29 +0000"
    },
    "done": true
  },
  "minecraft:recipes/decorations/crafting_table": {
    "criteria": {
      "unlock_right_away": "2024-07-07 11:31:29 +0000"
    },
    "done": true
  },
  "pk_waystones:events/once/prepare": {
    "criteria": {
      "requirement": "2024-07-07 11:31:29 +0000"
    },
    "done": true
  },
  "jodek:utility": {
    "criteria": {
      "tick": "2024-07-07 11:31:29 +0000"
    },
    "done": true
  },
  "minecraft:adventure/adventuring_time": {
    "criteria": {
      "minecraft:old_growth_birch_forest": "2024-07-07 11:33:16 +0000",
      "minecraft:dark_forest": "2024-07-07 11:31:30 +0000"
    },
    "done": false
  },
  "jodek:sleep": {
    "criteria": {
      "tick": "2024-07-07 11:31:29 +0000"
    },
    "done": true
  },
  "DataVersion": 3953
}